{
    "optimizer": [
        "Adam (",
        "Parameter Group 0",
        "    amsgrad: False",
        "    betas: (0.9, 0.999)",
        "    capturable: False",
        "    differentiable: False",
        "    eps: 1e-08",
        "    foreach: None",
        "    fused: None",
        "    lr: 0.01",
        "    maximize: False",
        "    weight_decay: 1e-05",
        ")"
    ],
    "criterion": [
        "CrossEntropyLoss()"
    ],
    "model": [
        "NeuralNetworkWithEmbeddingsV1(",
        "  (product_embeddings): Embedding(3631, 8)",
        "  (user_embeddings): Embedding(5891, 9)",
        "  (fc): Sequential(",
        "    (0): Linear(in_features=25, out_features=64, bias=True)",
        "    (1): ReLU()",
        "    (2): Dropout(p=0.3, inplace=False)",
        "    (3): Linear(in_features=64, out_features=16, bias=True)",
        "    (4): ReLU()",
        "    (5): Dropout(p=0.3, inplace=False)",
        "    (6): Linear(in_features=16, out_features=4, bias=True)",
        "  )",
        ")"
    ],
    "epoch_t_loss": [
        0.011517126057076728,
        0.010715029848246396,
        0.010604586933526413,
        0.010562343845676303,
        0.010523360768396018,
        0.010524754049101534,
        0.01051290111412615,
        0.01049250062179938,
        0.010513415707275259,
        0.010509974076340124
    ],
    "epoch_v_loss": [
        0.010265904047138058,
        0.009993810794537,
        0.010128716438973676,
        0.010088419569957284,
        0.010072870508492447,
        0.010027503872219392,
        0.01000309142720991,
        0.009976756627299518,
        0.010042674759402261,
        0.010030853383300785
    ],
    "epoch_t_acc": [
        0.7012171777986427,
        0.7222948218078223,
        0.7250110681692286,
        0.7262900566134183,
        0.727177648928366,
        0.7275433797376577,
        0.7271990366949912,
        0.727532685854345,
        0.726488962843033,
        0.7263285545933437
    ],
    "epoch_v_acc": [
        0.7268364218104253,
        0.7365805771351699,
        0.734217255881034,
        0.7318539346268982,
        0.734435408612185,
        0.7329931766673534,
        0.7335991564761062,
        0.734193016688684,
        0.7353807371138393,
        0.7344838869968853
    ],
    "t_epoch": [
        19.780608415603638,
        20.362815380096436,
        20.181293964385986,
        19.937762022018433,
        20.447946548461914,
        19.61136770248413,
        20.319541454315186,
        20.079052209854126,
        20.120298862457275,
        20.30751347541809
    ],
    "trainable_params": 84839,
    "params_table": [
        "+---------------------------+------------+",
        "|          Modules          | Parameters |",
        "+---------------------------+------------+",
        "| product_embeddings.weight |   29048    |",
        "|   user_embeddings.weight  |   53019    |",
        "|        fc.0.weight        |    1600    |",
        "|         fc.0.bias         |     64     |",
        "|        fc.3.weight        |    1024    |",
        "|         fc.3.bias         |     16     |",
        "|        fc.6.weight        |     64     |",
        "|         fc.6.bias         |     4      |",
        "+---------------------------+------------+"
    ],
    "classification_report": [
        "              precision    recall  f1-score   support",
        "",
        "           0       0.92      0.43      0.59     14239",
        "           1       0.80      0.89      0.84     39841",
        "           2       0.49      0.36      0.41     11852",
        "           3       0.65      0.89      0.76     16579",
        "",
        "    accuracy                           0.73     82511",
        "   macro avg       0.71      0.64      0.65     82511",
        "weighted avg       0.74      0.73      0.72     82511",
        ""
    ]
}