{
    "optimizer": [
        "Adam (",
        "Parameter Group 0",
        "    amsgrad: False",
        "    betas: (0.9, 0.999)",
        "    capturable: False",
        "    differentiable: False",
        "    eps: 1e-08",
        "    foreach: None",
        "    fused: None",
        "    lr: 0.01",
        "    maximize: False",
        "    weight_decay: 1e-05",
        ")"
    ],
    "criterion": [
        "CrossEntropyLoss()"
    ],
    "model": [
        "NeuralNetworkWithEmbeddingsV3(",
        "  (product_embeddings): Embedding(3631, 8)",
        "  (user_embeddings): Embedding(5891, 9)",
        "  (fc): Sequential(",
        "    (0): Linear(in_features=25, out_features=128, bias=True)",
        "    (1): ReLU()",
        "    (2): Dropout(p=0.3, inplace=False)",
        "    (3): Linear(in_features=128, out_features=64, bias=True)",
        "    (4): ReLU()",
        "    (5): Dropout(p=0.3, inplace=False)",
        "    (6): Linear(in_features=64, out_features=32, bias=True)",
        "    (7): ReLU()",
        "    (8): Linear(in_features=32, out_features=4, bias=True)",
        "  )",
        ")"
    ],
    "epoch_t_loss": [
        0.011236168545233164,
        0.010463581645060938,
        0.010344415601216368,
        0.010311645450557202,
        0.010293070134125448,
        0.010304943532864605,
        0.010295411198695472,
        0.010330700261807792,
        0.010316610011928247,
        0.01030762481400887
    ],
    "epoch_v_loss": [
        0.010235306854325256,
        0.010236578725528593,
        0.010066848671695935,
        0.01012141313771132,
        0.010065109882392185,
        0.01016613517844062,
        0.010262034458423533,
        0.01020371906541593,
        0.01007489591890747,
        0.010006187343142021
    ],
    "epoch_t_acc": [
        0.7085360715378018,
        0.7272332571215916,
        0.7301826301392129,
        0.7294511685206295,
        0.7290405234014249,
        0.7293870052207538,
        0.7307665161680822,
        0.7290362458480998,
        0.7297848176799834,
        0.7306296344616806
    ],
    "epoch_v_acc": [
        0.7257698973470204,
        0.7303995830858916,
        0.7325447516088764,
        0.7327750239362024,
        0.7367623710777957,
        0.726327398771073,
        0.7268121826180751,
        0.7252002763267927,
        0.7328356219170777,
        0.7365320987504697
    ],
    "t_epoch": [
        20.95822286605835,
        21.867861032485962,
        21.64416480064392,
        21.410093784332275,
        21.159671545028687,
        21.683033227920532,
        22.529036045074463,
        21.296075344085693,
        21.726821899414062,
        21.82738709449768
    ],
    "trainable_params": 95863,
    "params_table": [
        "+---------------------------+------------+",
        "|          Modules          | Parameters |",
        "+---------------------------+------------+",
        "| product_embeddings.weight |   29048    |",
        "|   user_embeddings.weight  |   53019    |",
        "|        fc.0.weight        |    3200    |",
        "|         fc.0.bias         |    128     |",
        "|        fc.3.weight        |    8192    |",
        "|         fc.3.bias         |     64     |",
        "|        fc.6.weight        |    2048    |",
        "|         fc.6.bias         |     32     |",
        "|        fc.8.weight        |    128     |",
        "|         fc.8.bias         |     4      |",
        "+---------------------------+------------+"
    ],
    "classification_report": [
        "              precision    recall  f1-score   support",
        "",
        "           0       0.86      0.49      0.62     14239",
        "           1       0.80      0.87      0.84     39841",
        "           2       0.48      0.34      0.40     11852",
        "           3       0.66      0.90      0.76     16579",
        "",
        "    accuracy                           0.74     82511",
        "   macro avg       0.70      0.65      0.66     82511",
        "weighted avg       0.74      0.74      0.72     82511",
        ""
    ]
}