{
    "optimizer": [
        "Adam (",
        "Parameter Group 0",
        "    amsgrad: False",
        "    betas: (0.9, 0.999)",
        "    capturable: False",
        "    differentiable: False",
        "    eps: 1e-08",
        "    foreach: None",
        "    fused: None",
        "    lr: 0.01",
        "    maximize: False",
        "    weight_decay: 1e-05",
        ")"
    ],
    "criterion": [
        "CrossEntropyLoss()"
    ],
    "model": [
        "NeuralNetworkWithEmbeddingsV0(",
        "  (product_embeddings): Embedding(3631, 8)",
        "  (user_embeddings): Embedding(5891, 9)",
        "  (fc): Sequential(",
        "    (0): Linear(in_features=25, out_features=64, bias=True)",
        "    (1): ReLU()",
        "    (2): Linear(in_features=64, out_features=16, bias=True)",
        "    (3): ReLU()",
        "    (4): Linear(in_features=16, out_features=4, bias=True)",
        "  )",
        ")"
    ],
    "epoch_t_loss": [
        0.010519728012237958,
        0.009811946252186128,
        0.009707392697172062,
        0.009667298537999502,
        0.009657744620783212,
        0.009648000178078474,
        0.009634247726840602,
        0.00961986867450333,
        0.009622141590012998,
        0.009610286543888126
    ],
    "epoch_v_loss": [
        0.009952390303452657,
        0.009894820882681983,
        0.009727673439861603,
        0.009780468077348461,
        0.009745641844835293,
        0.009653818746244809,
        0.009734257226570456,
        0.00967253625968654,
        0.009729092544166918,
        0.009710754149163335
    ],
    "epoch_t_acc": [
        0.722912928263292,
        0.7406519419022708,
        0.7420378691795867,
        0.7434259352335651,
        0.7439649069525213,
        0.7445274052147652,
        0.7447027849010923,
        0.7444397153716018,
        0.744636482824554,
        0.7453251689098869
    ],
    "epoch_v_acc": [
        0.7355504114602901,
        0.7411375452969907,
        0.7433311922046757,
        0.7414405352013671,
        0.7422889069336209,
        0.7424707008762468,
        0.7428100495691483,
        0.7415253723745925,
        0.7420101562215947,
        0.7420222758177698
    ],
    "t_epoch": [
        21.20743489265442,
        18.747517347335815,
        19.540502548217773,
        19.700324296951294,
        19.30545473098755,
        19.0762779712677,
        19.27390766143799,
        19.146553993225098,
        19.156258821487427,
        19.573415994644165
    ],
    "trainable_params": 84839,
    "params_table": [
        "+---------------------------+------------+",
        "|          Modules          | Parameters |",
        "+---------------------------+------------+",
        "| product_embeddings.weight |   29048    |",
        "|   user_embeddings.weight  |   53019    |",
        "|        fc.0.weight        |    1600    |",
        "|         fc.0.bias         |     64     |",
        "|        fc.2.weight        |    1024    |",
        "|         fc.2.bias         |     16     |",
        "|        fc.4.weight        |     64     |",
        "|         fc.4.bias         |     4      |",
        "+---------------------------+------------+"
    ],
    "classification_report": [
        "              precision    recall  f1-score   support",
        "",
        "           0       0.75      0.58      0.65     14239",
        "           1       0.83      0.85      0.84     39841",
        "           2       0.49      0.46      0.47     11852",
        "           3       0.70      0.84      0.76     16579",
        "",
        "    accuracy                           0.74     82511",
        "   macro avg       0.69      0.68      0.68     82511",
        "weighted avg       0.74      0.74      0.74     82511",
        ""
    ]
}