{
    "optimizer": [
        "Adam (",
        "Parameter Group 0",
        "    amsgrad: False",
        "    betas: (0.9, 0.999)",
        "    capturable: False",
        "    differentiable: False",
        "    eps: 1e-08",
        "    foreach: None",
        "    fused: None",
        "    lr: 0.01",
        "    maximize: False",
        "    weight_decay: 1e-05",
        ")"
    ],
    "criterion": [
        "CrossEntropyLoss()"
    ],
    "model": [
        "NeuralNetworkWithEmbeddingsV2(",
        "  (product_embeddings): Embedding(3631, 8)",
        "  (user_embeddings): Embedding(5891, 9)",
        "  (fc): Sequential(",
        "    (0): Linear(in_features=25, out_features=256, bias=True)",
        "    (1): BatchNorm1d(256, eps=1e-05, momentum=0.1, affine=True, track_running_stats=True)",
        "    (2): Linear(in_features=256, out_features=64, bias=True)",
        "    (3): ReLU()",
        "    (4): BatchNorm1d(64, eps=1e-05, momentum=0.1, affine=True, track_running_stats=True)",
        "    (5): ReLU()",
        "    (6): Linear(in_features=64, out_features=16, bias=True)",
        "    (7): BatchNorm1d(16, eps=1e-05, momentum=0.1, affine=True, track_running_stats=True)",
        "    (8): ReLU()",
        "    (9): Linear(in_features=16, out_features=4, bias=True)",
        "  )",
        ")"
    ],
    "epoch_t_loss": [
        0.01077194822430997,
        0.009955186273300155,
        0.009779990700994747,
        0.00972532920441171,
        0.009694082030400324,
        0.009673558946075052,
        0.009663318040891027,
        0.009658963070953937,
        0.009648741987857954,
        0.009648430515513609
    ],
    "epoch_v_loss": [
        0.009968731912877319,
        0.009744836614336824,
        0.009727479316438399,
        0.00972059343912129,
        0.009640390325843183,
        0.009640467087655086,
        0.009659261597141805,
        0.00961878598859666,
        0.009623900459878692,
        0.00964293684094111
    ],
    "epoch_t_acc": [
        0.7178055295931833,
        0.7369197766261654,
        0.7409834522849621,
        0.7421341141294002,
        0.7429660982511224,
        0.7434644332134905,
        0.7436376741231551,
        0.743894327322658,
        0.7448353890541688,
        0.7437724170528941
    ],
    "epoch_v_acc": [
        0.7349080728630122,
        0.7394892802171832,
        0.7415738507592927,
        0.740313412757087,
        0.7451976100156342,
        0.7429676043194241,
        0.7435129861473015,
        0.7449552180921332,
        0.7446885869762819,
        0.7459126661899625
    ],
    "t_epoch": [
        24.823772192001343,
        24.58228588104248,
        24.814308643341064,
        24.745866775512695,
        24.90959882736206,
        24.853659868240356,
        24.874584436416626,
        24.943302154541016,
        24.55415964126587,
        24.584594249725342
    ],
    "trainable_params": 106951,
    "params_table": [
        "+---------------------------+------------+",
        "|          Modules          | Parameters |",
        "+---------------------------+------------+",
        "| product_embeddings.weight |   29048    |",
        "|   user_embeddings.weight  |   53019    |",
        "|        fc.0.weight        |    6400    |",
        "|         fc.0.bias         |    256     |",
        "|        fc.1.weight        |    256     |",
        "|         fc.1.bias         |    256     |",
        "|        fc.2.weight        |   16384    |",
        "|         fc.2.bias         |     64     |",
        "|        fc.4.weight        |     64     |",
        "|         fc.4.bias         |     64     |",
        "|        fc.6.weight        |    1024    |",
        "|         fc.6.bias         |     16     |",
        "|        fc.7.weight        |     16     |",
        "|         fc.7.bias         |     16     |",
        "|        fc.9.weight        |     64     |",
        "|         fc.9.bias         |     4      |",
        "+---------------------------+------------+"
    ],
    "classification_report": [
        "              precision    recall  f1-score   support",
        "",
        "           0       0.81      0.54      0.65     14239",
        "           1       0.83      0.86      0.84     39841",
        "           2       0.50      0.44      0.47     11852",
        "           3       0.67      0.88      0.76     16579",
        "",
        "    accuracy                           0.75     82511",
        "   macro avg       0.70      0.68      0.68     82511",
        "weighted avg       0.75      0.75      0.74     82511",
        ""
    ]
}