{
    "optimizer": [
        "Adam (",
        "Parameter Group 0",
        "    amsgrad: False",
        "    betas: (0.9, 0.999)",
        "    capturable: False",
        "    differentiable: False",
        "    eps: 1e-08",
        "    foreach: None",
        "    fused: None",
        "    lr: 0.01",
        "    maximize: False",
        "    weight_decay: 0",
        ")"
    ],
    "criterion": [
        "CrossEntropyLoss()"
    ],
    "model": [
        "NeuralNetwork(",
        "  (fc): Sequential(",
        "    (0): Linear(in_features=11, out_features=64, bias=True)",
        "    (1): ReLU()",
        "    (2): Linear(in_features=64, out_features=16, bias=True)",
        "    (3): ReLU()",
        "    (4): Linear(in_features=16, out_features=4, bias=True)",
        "  )",
        ")"
    ],
    "epoch_t_loss": [
        0.012731594198625228,
        0.011789648185945674,
        0.011691434931491895,
        0.01161281305801889,
        0.011582481218278694,
        0.011601378582880482,
        0.011516581024072632,
        0.011499305067594901,
        0.011550095786352946,
        0.011476384804548987
    ],
    "epoch_v_loss": [
        0.011846724696845397,
        0.011797743966877609,
        0.011547780154241467,
        0.011400044081412231,
        0.011554934388990684,
        0.011508488797472263,
        0.011448389883323747,
        0.01186588937804164,
        0.011469633257634245,
        0.011364696764442916
    ],
    "epoch_t_acc": [
        0.6821392899689236,
        0.7039975874599247,
        0.7053749596305905,
        0.7056808046933315,
        0.7060722008225735,
        0.7048466817949469,
        0.7072463892102995,
        0.7071929197937363,
        0.7064486255151778,
        0.7077383078426801
    ],
    "epoch_v_acc": [
        0.7001369514367781,
        0.6997733635515264,
        0.7093720837221704,
        0.7085237119899165,
        0.7054089757729273,
        0.7074208287379864,
        0.7096871932227218,
        0.6988401546460472,
        0.7104992061664506,
        0.7077238186423629
    ],
    "t_epoch": [
        15.90086317062378,
        16.342820167541504,
        15.621565818786621,
        16.066123723983765,
        16.045140743255615,
        16.31127381324768,
        15.640307664871216,
        15.743242979049683,
        17.182596683502197,
        15.989967584609985
    ],
    "trainable_params": 1876,
    "params_table": [
        "+-------------+------------+",
        "|   Modules   | Parameters |",
        "+-------------+------------+",
        "| fc.0.weight |    704     |",
        "|  fc.0.bias  |     64     |",
        "| fc.2.weight |    1024    |",
        "|  fc.2.bias  |     16     |",
        "| fc.4.weight |     64     |",
        "|  fc.4.bias  |     4      |",
        "+-------------+------------+"
    ],
    "classification_report": [
        "              precision    recall  f1-score   support",
        "",
        "           0       0.84      0.41      0.55     14219",
        "           1       0.82      0.83      0.83     39865",
        "           2       0.51      0.28      0.37     11897",
        "           3       0.56      0.96      0.71     16530",
        "",
        "    accuracy                           0.71     82511",
        "   macro avg       0.68      0.62      0.61     82511",
        "weighted avg       0.73      0.71      0.69     82511",
        ""
    ]
}