{
    "optimizer": [
        "Adam (",
        "Parameter Group 0",
        "    amsgrad: False",
        "    betas: (0.9, 0.999)",
        "    capturable: False",
        "    differentiable: False",
        "    eps: 1e-08",
        "    foreach: None",
        "    fused: None",
        "    lr: 0.01",
        "    maximize: False",
        "    weight_decay: 0",
        ")"
    ],
    "criterion": [
        "CrossEntropyLoss()"
    ],
    "model": [
        "NeuralNetworkV4(",
        "  (fc): Sequential(",
        "    (0): Linear(in_features=11, out_features=64, bias=True)",
        "    (1): ReLU()",
        "    (2): Dropout(p=0.2, inplace=False)",
        "    (3): Linear(in_features=64, out_features=16, bias=True)",
        "    (4): ReLU()",
        "    (5): Dropout(p=0.2, inplace=False)",
        "    (6): Linear(in_features=16, out_features=4, bias=True)",
        "  )",
        ")"
    ],
    "epoch_t_loss": [
        0.01556792607777472,
        0.015121782684374512,
        0.014685127880349024,
        0.014587099297646327,
        0.014554925949078682,
        0.014484901696667095,
        0.0144957983066769,
        0.014452004243904323,
        0.014429631320504139,
        0.01440032265257123
    ],
    "epoch_v_loss": [
        0.01479437052780988,
        0.013668049414959338,
        0.013623659217857959,
        0.013452725199467441,
        0.013485762721773214,
        0.013526242577937601,
        0.013312646039674116,
        0.013677926841025291,
        0.013309066409847173,
        0.0133805914771863
    ],
    "epoch_t_acc": [
        0.607919462225996,
        0.6255579533618361,
        0.6356016485690514,
        0.635554595482476,
        0.6356508404322896,
        0.6364421877974237,
        0.6370410452629305,
        0.6376484578350875,
        0.6370410452629305,
        0.6362753632177467
    ],
    "epoch_v_acc": [
        0.6412599532183587,
        0.6577183648240841,
        0.6636569669498612,
        0.6610997321569245,
        0.6590030420186399,
        0.6529068851425871,
        0.6660324078001721,
        0.6526887324114361,
        0.6588939656530645,
        0.6541188447600926
    ],
    "t_epoch": [
        18.61130428314209,
        16.58092761039734,
        16.742616176605225,
        17.09654974937439,
        16.605052709579468,
        16.75045108795166,
        16.94293451309204,
        16.478853225708008,
        16.850496530532837,
        16.94793701171875
    ],
    "trainable_params": 1876,
    "params_table": [
        "+-------------+------------+",
        "|   Modules   | Parameters |",
        "+-------------+------------+",
        "| fc.0.weight |    704     |",
        "|  fc.0.bias  |     64     |",
        "| fc.3.weight |    1024    |",
        "|  fc.3.bias  |     16     |",
        "| fc.6.weight |     64     |",
        "|  fc.6.bias  |     4      |",
        "+-------------+------------+"
    ],
    "classification_report": [
        "              precision    recall  f1-score   support",
        "",
        "           0       0.97      0.27      0.42     14219",
        "           1       0.72      0.87      0.79     39865",
        "           2       0.56      0.19      0.28     11897",
        "           3       0.50      0.80      0.61     16530",
        "",
        "    accuracy                           0.65     82511",
        "   macro avg       0.69      0.53      0.53     82511",
        "weighted avg       0.70      0.65      0.62     82511",
        ""
    ]
}