{
    "optimizer": [
        "Adam (",
        "Parameter Group 0",
        "    amsgrad: False",
        "    betas: (0.9, 0.999)",
        "    capturable: False",
        "    differentiable: False",
        "    eps: 1e-08",
        "    foreach: None",
        "    fused: None",
        "    lr: 0.01",
        "    maximize: False",
        "    weight_decay: 0",
        ")"
    ],
    "criterion": [
        "CrossEntropyLoss()"
    ],
    "model": [
        "NeuralNetworkV1(",
        "  (fc): Sequential(",
        "    (0): Linear(in_features=11, out_features=64, bias=True)",
        "    (1): ReLU()",
        "    (2): Linear(in_features=64, out_features=16, bias=True)",
        "    (3): ReLU()",
        "    (4): Linear(in_features=16, out_features=4, bias=True)",
        "  )",
        ")"
    ],
    "epoch_t_loss": [
        0.013540207290267378,
        0.012093106316253287,
        0.011876393834982808,
        0.011825240274063559,
        0.011796576636906616,
        0.0117630008362662,
        0.011728345832211839,
        0.011661962897966276,
        0.011611719726648028,
        0.011587297020513967
    ],
    "epoch_v_loss": [
        0.0128232078978395,
        0.011772316251293637,
        0.011762258068079793,
        0.011946432285508447,
        0.01171336792689976,
        0.011663016816359046,
        0.011611598848341578,
        0.011642515889050459,
        0.01159002915393354,
        0.011628330430027367
    ],
    "epoch_t_acc": [
        0.6657797872772732,
        0.697842188225179,
        0.7043419305025911,
        0.7048167389216716,
        0.7055546168702426,
        0.7059310415628469,
        0.7060230089593355,
        0.7067437766946062,
        0.7085168225478391,
        0.70859381850769
    ],
    "epoch_v_acc": [
        0.6817636436353941,
        0.70162766176631,
        0.7045484844444984,
        0.7074814267188617,
        0.7093720837221704,
        0.709505399280096,
        0.7038697870586952,
        0.7091660505871944,
        0.7109112724364024,
        0.7107537176861267
    ],
    "t_epoch": [
        15.636976957321167,
        15.653579473495483,
        16.590537548065186,
        15.823945760726929,
        15.689375638961792,
        15.656867504119873,
        16.486980676651,
        15.600027799606323,
        15.67776894569397,
        15.77979826927185
    ],
    "trainable_params": 1876,
    "params_table": [
        "+-------------+------------+",
        "|   Modules   | Parameters |",
        "+-------------+------------+",
        "| fc.0.weight |    704     |",
        "|  fc.0.bias  |     64     |",
        "| fc.2.weight |    1024    |",
        "|  fc.2.bias  |     16     |",
        "| fc.4.weight |     64     |",
        "|  fc.4.bias  |     4      |",
        "+-------------+------------+"
    ],
    "classification_report": [
        "              precision    recall  f1-score   support",
        "",
        "           0       0.80      0.45      0.58     14219",
        "           1       0.83      0.83      0.83     39865",
        "           2       0.51      0.28      0.37     11897",
        "           3       0.56      0.96      0.71     16530",
        "",
        "    accuracy                           0.71     82511",
        "   macro avg       0.68      0.63      0.62     82511",
        "weighted avg       0.73      0.71      0.69     82511",
        ""
    ]
}