{
    "optimizer": [
        "Adam (",
        "Parameter Group 0",
        "    amsgrad: False",
        "    betas: (0.9, 0.999)",
        "    capturable: False",
        "    differentiable: False",
        "    eps: 1e-08",
        "    foreach: None",
        "    fused: None",
        "    lr: 0.01",
        "    maximize: False",
        "    weight_decay: 0",
        ")"
    ],
    "criterion": [
        "CrossEntropyLoss()"
    ],
    "model": [
        "NeuralNetworkV3(",
        "  (fc): Sequential(",
        "    (0): Linear(in_features=11, out_features=256, bias=True)",
        "    (1): ReLU()",
        "    (2): Linear(in_features=256, out_features=64, bias=True)",
        "    (3): ReLU()",
        "    (4): Linear(in_features=64, out_features=16, bias=True)",
        "    (5): ReLU()",
        "    (6): Linear(in_features=16, out_features=4, bias=True)",
        "  )",
        ")"
    ],
    "epoch_t_loss": [
        0.012397461083509115,
        0.011668480936839754,
        0.011586224724340564,
        0.01161298386263923,
        0.011546289883238227,
        0.01149674249129778,
        0.011519992999097336,
        0.011499584030557333,
        0.011485698967822457,
        0.011472753316444666
    ],
    "epoch_v_loss": [
        0.011829391399440458,
        0.011506999152347392,
        0.011405872761335633,
        0.01161138329430677,
        0.01142603746863207,
        0.011472967589978306,
        0.011884776203536798,
        0.01137587068273374,
        0.011415604568105968,
        0.01143445854173373
    ],
    "epoch_t_acc": [
        0.6877535787080505,
        0.7049279553081229,
        0.7070731483006351,
        0.7061705845490497,
        0.7078901609857194,
        0.7088248063872427,
        0.7083008061049241,
        0.708422716374688,
        0.709119957566671,
        0.7094963822592754
    ],
    "epoch_v_acc": [
        0.6973858031050405,
        0.7043788100980475,
        0.7108627940517022,
        0.7021488044018374,
        0.7107052393014265,
        0.7042333749439469,
        0.7030698937111416,
        0.7108627940517022,
        0.7060634339663803,
        0.7107779568784768
    ],
    "t_epoch": [
        18.632762670516968,
        16.810127019882202,
        17.548330783843994,
        17.985491275787354,
        16.79252052307129,
        17.252761840820312,
        17.283130168914795,
        16.913789987564087,
        17.546668529510498,
        17.096468448638916
    ],
    "trainable_params": 20628,
    "params_table": [
        "+-------------+------------+",
        "|   Modules   | Parameters |",
        "+-------------+------------+",
        "| fc.0.weight |    2816    |",
        "|  fc.0.bias  |    256     |",
        "| fc.2.weight |   16384    |",
        "|  fc.2.bias  |     64     |",
        "| fc.4.weight |    1024    |",
        "|  fc.4.bias  |     16     |",
        "| fc.6.weight |     64     |",
        "|  fc.6.bias  |     4      |",
        "+-------------+------------+"
    ],
    "classification_report": [
        "              precision    recall  f1-score   support",
        "",
        "           0       0.81      0.45      0.58     14219",
        "           1       0.83      0.83      0.83     39865",
        "           2       0.51      0.28      0.37     11897",
        "           3       0.56      0.96      0.71     16530",
        "",
        "    accuracy                           0.71     82511",
        "   macro avg       0.68      0.63      0.62     82511",
        "weighted avg       0.73      0.71      0.70     82511",
        ""
    ]
}