{
    "optimizer": [
        "Adam (",
        "Parameter Group 0",
        "    amsgrad: False",
        "    betas: (0.9, 0.999)",
        "    capturable: False",
        "    differentiable: False",
        "    eps: 1e-08",
        "    foreach: None",
        "    fused: None",
        "    lr: 0.01",
        "    maximize: False",
        "    weight_decay: 0",
        ")"
    ],
    "criterion": [
        "CrossEntropyLoss()"
    ],
    "model": [
        "NeuralNetworkV2(",
        "  (fc): Sequential(",
        "    (0): Linear(in_features=11, out_features=16, bias=True)",
        "    (1): ReLU()",
        "    (2): Linear(in_features=16, out_features=4, bias=True)",
        "  )",
        ")"
    ],
    "epoch_t_loss": [
        0.015008137187564673,
        0.014439247902993349,
        0.014191526675660442,
        0.014079470139548522,
        0.013577883238900084,
        0.013232530606891961,
        0.013096406901315928,
        0.01302408786893316,
        0.012966803118974114,
        0.012919958098064748
    ],
    "epoch_v_loss": [
        0.014550646051024586,
        0.01428149641119998,
        0.014155230291744089,
        0.014049601939034536,
        0.013226802158294455,
        0.01311151454461154,
        0.013031697129788888,
        0.013088120543971639,
        0.012830378102336774,
        0.012850818669025495
    ],
    "epoch_t_acc": [
        0.6221401882551219,
        0.644304330808864,
        0.6529792089520636,
        0.6548698875217354,
        0.6654140564679815,
        0.674732706386601,
        0.6770233361921648,
        0.6780285612235514,
        0.6788733780052486,
        0.680000513306399
    ],
    "epoch_v_acc": [
        0.6395147313691508,
        0.6506768794463769,
        0.6528099283731866,
        0.6562518936869024,
        0.6755947691822909,
        0.6733647634860807,
        0.6755462907975907,
        0.6699712765570651,
        0.680200215728812,
        0.6817151652506939
    ],
    "t_epoch": [
        16.86964178085327,
        14.262916088104248,
        14.108320951461792,
        14.311814308166504,
        14.824657440185547,
        15.353957414627075,
        14.44731593132019,
        14.33782434463501,
        14.216720581054688,
        14.261492013931274
    ],
    "trainable_params": 260,
    "params_table": [
        "+-------------+------------+",
        "|   Modules   | Parameters |",
        "+-------------+------------+",
        "| fc.0.weight |    176     |",
        "|  fc.0.bias  |     16     |",
        "| fc.2.weight |     64     |",
        "|  fc.2.bias  |     4      |",
        "+-------------+------------+"
    ],
    "classification_report": [
        "              precision    recall  f1-score   support",
        "",
        "           0       0.77      0.43      0.55     14219",
        "           1       0.76      0.86      0.80     39865",
        "           2       0.56      0.16      0.24     11897",
        "           3       0.54      0.85      0.66     16530",
        "",
        "    accuracy                           0.68     82511",
        "   macro avg       0.66      0.57      0.57     82511",
        "weighted avg       0.69      0.68      0.65     82511",
        ""
    ]
}