{
    "optimizer": [
        "Adam (",
        "Parameter Group 0",
        "    amsgrad: False",
        "    betas: (0.9, 0.999)",
        "    capturable: False",
        "    differentiable: False",
        "    eps: 1e-08",
        "    foreach: None",
        "    fused: None",
        "    lr: 0.01",
        "    maximize: False",
        "    weight_decay: 0",
        ")"
    ],
    "criterion": [
        "CrossEntropyLoss()"
    ],
    "model": [
        "NeuralNetwork(",
        "  (fc): Sequential(",
        "    (0): Linear(in_features=11, out_features=64, bias=True)",
        "    (1): ReLU()",
        "    (2): Linear(in_features=64, out_features=16, bias=True)",
        "    (3): ReLU()",
        "    (4): Linear(in_features=16, out_features=4, bias=True)",
        "  )",
        ")"
    ],
    "epoch_t_loss": [
        0.013316147106541826,
        0.012015056410166185,
        0.011599591166482104,
        0.011657043786894517,
        0.011615783377779477,
        0.011571588768102159,
        0.011540439471789487,
        0.011685996678684375,
        0.01213429109610397,
        0.012117055812127997
    ],
    "epoch_v_loss": [
        0.012429184335496711,
        0.011571308779489085,
        0.01164254621148949,
        0.011538635615505787,
        0.01161257657588552,
        0.011769807693333016,
        0.011391690373167881,
        0.012059411666683707,
        0.012192154717412721,
        0.012206934576931111
    ],
    "epoch_t_acc": [
        0.6700637569323099,
        0.6981865312678455,
        0.706196249869,
        0.7064357928552026,
        0.7065192051450412,
        0.7071693932504486,
        0.7073084137335127,
        0.7054284290471536,
        0.6983234129742469,
        0.6988559683632156
    ],
    "epoch_v_acc": [
        0.6907927427858104,
        0.7074450679303366,
        0.6965253117766116,
        0.7105113257626255,
        0.7084994727975664,
        0.6985250451454957,
        0.7104264885894002,
        0.700100592648253,
        0.6931803032322963,
        0.6959678103525591
    ],
    "t_epoch": [
        15.678525447845459,
        15.601470708847046,
        16.470447778701782,
        15.73729920387268,
        15.72674036026001,
        17.1796452999115,
        16.34785223007202,
        15.56147050857544,
        15.527331352233887,
        15.439687728881836
    ],
    "trainable_params": 1876,
    "params_table": [
        "+-------------+------------+",
        "|   Modules   | Parameters |",
        "+-------------+------------+",
        "| fc.0.weight |    704     |",
        "|  fc.0.bias  |     64     |",
        "| fc.2.weight |    1024    |",
        "|  fc.2.bias  |     16     |",
        "| fc.4.weight |     64     |",
        "|  fc.4.bias  |     4      |",
        "+-------------+------------+"
    ],
    "classification_report": [
        "              precision    recall  f1-score   support",
        "",
        "           0       0.81      0.45      0.58     14219",
        "           1       0.80      0.83      0.81     39865",
        "           2       0.52      0.27      0.35     11897",
        "           3       0.55      0.89      0.68     16530",
        "",
        "    accuracy                           0.70     82511",
        "   macro avg       0.67      0.61      0.61     82511",
        "weighted avg       0.71      0.70      0.68     82511",
        ""
    ]
}