{
    "optimizer": [
        "Adam (",
        "Parameter Group 0",
        "    amsgrad: False",
        "    betas: (0.9, 0.999)",
        "    capturable: False",
        "    differentiable: False",
        "    eps: 1e-08",
        "    foreach: None",
        "    fused: None",
        "    lr: 0.01",
        "    maximize: False",
        "    weight_decay: 0",
        ")"
    ],
    "criterion": [
        "CrossEntropyLoss()"
    ],
    "model": [
        "NeuralNetwork(",
        "  (fc): Sequential(",
        "    (0): Linear(in_features=11, out_features=64, bias=True)",
        "    (1): ReLU()",
        "    (2): Linear(in_features=64, out_features=16, bias=True)",
        "    (3): ReLU()",
        "    (4): Linear(in_features=16, out_features=4, bias=True)",
        "  )",
        ")"
    ],
    "epoch_t_loss": [
        0.013608784411758319,
        0.012159049469078295,
        0.01202221954355614,
        0.012023550914186318,
        0.011897211065579078,
        0.011875648842703323,
        0.011879874836264789,
        0.011852628656270715,
        0.011871887636602524,
        0.01192144633942424
    ],
    "epoch_v_loss": [
        0.012443863637325043,
        0.011752159545847258,
        0.011942056546728643,
        0.012203274883815762,
        0.01197995064192434,
        0.011869152758890713,
        0.011831129859698192,
        0.011892596697229694,
        0.0117304811546461,
        0.01208781733213349
    ],
    "epoch_t_acc": [
        0.6661348242032522,
        0.6972518858663221,
        0.7016898474410607,
        0.7018438393607624,
        0.7024448356029318,
        0.7032960687146166,
        0.7033987299944178,
        0.7034564769643059,
        0.7033046238212667,
        0.7022993987898801
    ],
    "epoch_v_acc": [
        0.6911684502672371,
        0.7040637005974961,
        0.7017124989395354,
        0.6928045957508696,
        0.6971434111815394,
        0.704039461405146,
        0.7044272884827477,
        0.7035546775581437,
        0.7054453345614524,
        0.6993612972815746
    ],
    "t_epoch": [
        16.7009334564209,
        15.573660850524902,
        15.385473728179932,
        16.335238695144653,
        15.461562633514404,
        15.963695049285889,
        16.239896297454834,
        16.22148084640503,
        15.593895673751831,
        15.515833854675293
    ],
    "trainable_params": 1876,
    "params_table": [
        "+-------------+------------+",
        "|   Modules   | Parameters |",
        "+-------------+------------+",
        "| fc.0.weight |    704     |",
        "|  fc.0.bias  |     64     |",
        "| fc.2.weight |    1024    |",
        "|  fc.2.bias  |     16     |",
        "| fc.4.weight |     64     |",
        "|  fc.4.bias  |     4      |",
        "+-------------+------------+"
    ],
    "classification_report": [
        "              precision    recall  f1-score   support",
        "",
        "           0       0.80      0.44      0.56     14219",
        "           1       0.81      0.83      0.82     39865",
        "           2       0.51      0.28      0.36     11897",
        "           3       0.55      0.92      0.69     16530",
        "",
        "    accuracy                           0.70     82511",
        "   macro avg       0.67      0.62      0.61     82511",
        "weighted avg       0.71      0.70      0.68     82511",
        ""
    ]
}