{
    "optimizer": [
        "Adam (",
        "Parameter Group 0",
        "    amsgrad: False",
        "    betas: (0.9, 0.999)",
        "    capturable: False",
        "    differentiable: False",
        "    eps: 1e-08",
        "    foreach: None",
        "    fused: None",
        "    lr: 0.01",
        "    maximize: False",
        "    weight_decay: 0",
        ")"
    ],
    "criterion": [
        "CrossEntropyLoss()"
    ],
    "model": [
        "NeuralNetworkV0(",
        "  (fc): Sequential(",
        "    (0): Linear(in_features=11, out_features=200, bias=True)",
        "    (1): ReLU()",
        "    (2): Linear(in_features=200, out_features=100, bias=True)",
        "    (3): ReLU()",
        "    (4): Linear(in_features=100, out_features=4, bias=True)",
        "  )",
        ")"
    ],
    "epoch_t_loss": [
        0.012677373415030323,
        0.011683545784177345,
        0.011583808131534895,
        0.011554465752328984,
        0.011503929622926614,
        0.011508607387945055,
        0.011502040977608385,
        0.011492833834335208,
        0.011498345509200647,
        0.011571246419216584
    ],
    "epoch_v_loss": [
        0.011699136452001546,
        0.011510730148758846,
        0.011432196692072384,
        0.011435072824048856,
        0.011510787732894944,
        0.011403183982236215,
        0.01348735478797825,
        0.011518499849810933,
        0.011435623090118746,
        0.011507743121774059
    ],
    "epoch_t_acc": [
        0.6822355349187372,
        0.7049643145113857,
        0.7065619806782917,
        0.7065106500383911,
        0.7074581280998894,
        0.7073961035766763,
        0.7078495242291314,
        0.7078837446557318,
        0.7079286589656448,
        0.7071030911739103
    ],
    "epoch_v_acc": [
        0.7047787567718243,
        0.7018821732859861,
        0.709056974221619,
        0.709517518876271,
        0.708208602489365,
        0.7096871932227218,
        0.6938832398104495,
        0.7101234986850238,
        0.7081237653161396,
        0.7045848432330235
    ],
    "t_epoch": [
        19.746111392974854,
        15.63400387763977,
        15.63059949874878,
        15.65626335144043,
        16.2833092212677,
        15.630201816558838,
        16.321807861328125,
        15.748286008834839,
        16.453177452087402,
        15.840590715408325
    ],
    "trainable_params": 22904,
    "params_table": [
        "+-------------+------------+",
        "|   Modules   | Parameters |",
        "+-------------+------------+",
        "| fc.0.weight |    2200    |",
        "|  fc.0.bias  |    200     |",
        "| fc.2.weight |   20000    |",
        "|  fc.2.bias  |    100     |",
        "| fc.4.weight |    400     |",
        "|  fc.4.bias  |     4      |",
        "+-------------+------------+"
    ],
    "classification_report": [
        "              precision    recall  f1-score   support",
        "",
        "           0       0.92      0.35      0.50     14219",
        "           1       0.80      0.85      0.83     39865",
        "           2       0.51      0.28      0.37     11897",
        "           3       0.56      0.95      0.71     16530",
        "",
        "    accuracy                           0.70     82511",
        "   macro avg       0.70      0.61      0.60     82511",
        "weighted avg       0.73      0.70      0.68     82511",
        ""
    ]
}