{
    "optimizer": [
        "Adam (",
        "Parameter Group 0",
        "    amsgrad: False",
        "    betas: (0.9, 0.999)",
        "    capturable: False",
        "    differentiable: False",
        "    eps: 1e-08",
        "    foreach: None",
        "    fused: None",
        "    lr: 0.01",
        "    maximize: False",
        "    weight_decay: 0",
        ")"
    ],
    "criterion": [
        "CrossEntropyLoss()"
    ],
    "model": [
        "NeuralNetworkV5(",
        "  (fc): Sequential(",
        "    (0): Linear(in_features=11, out_features=64, bias=True)",
        "    (1): BatchNorm1d(64, eps=1e-05, momentum=0.1, affine=True, track_running_stats=True)",
        "    (2): ReLU()",
        "    (3): Linear(in_features=64, out_features=16, bias=True)",
        "    (4): BatchNorm1d(16, eps=1e-05, momentum=0.1, affine=True, track_running_stats=True)",
        "    (5): ReLU()",
        "    (6): Linear(in_features=16, out_features=4, bias=True)",
        "  )",
        ")"
    ],
    "epoch_t_loss": [
        0.013800241263559635,
        0.012917728974326255,
        0.01276751288165132,
        0.012644064824558102,
        0.012597432501019188,
        0.012493456157577878,
        0.01246054729316009,
        0.012416977217987306,
        0.01240535712741954,
        0.012379536964939045
    ],
    "epoch_v_loss": [
        0.012382472278470466,
        0.012175293543608919,
        0.012071807583854566,
        0.01217210125584214,
        0.012011546808684713,
        0.012141349751284341,
        0.012000472288657263,
        0.011893945787333554,
        0.011847715105483212,
        0.011924206821536866
    ],
    "epoch_t_acc": [
        0.6558195043598962,
        0.6795920069638568,
        0.6819553551759464,
        0.6853089569827849,
        0.6859869491848053,
        0.6879139869577399,
        0.688799440496025,
        0.6897661675474862,
        0.689753334887511,
        0.6903778576729682
    ],
    "epoch_v_acc": [
        0.6919319848262656,
        0.6992885797045243,
        0.6988765134345724,
        0.6988522742422223,
        0.7005974960914302,
        0.6977857497788174,
        0.7025729902679643,
        0.6995673304165505,
        0.7010580407460824,
        0.7048514743488747
    ],
    "t_epoch": [
        19.2296781539917,
        18.773638010025024,
        18.58352828025818,
        18.665469884872437,
        18.711461544036865,
        18.604799032211304,
        18.783891677856445,
        18.323153495788574,
        19.130308866500854,
        18.673515796661377
    ],
    "trainable_params": 2036,
    "params_table": [
        "+-------------+------------+",
        "|   Modules   | Parameters |",
        "+-------------+------------+",
        "| fc.0.weight |    704     |",
        "|  fc.0.bias  |     64     |",
        "| fc.1.weight |     64     |",
        "|  fc.1.bias  |     64     |",
        "| fc.3.weight |    1024    |",
        "|  fc.3.bias  |     16     |",
        "| fc.4.weight |     16     |",
        "|  fc.4.bias  |     16     |",
        "| fc.6.weight |     64     |",
        "|  fc.6.bias  |     4      |",
        "+-------------+------------+"
    ],
    "classification_report": [
        "              precision    recall  f1-score   support",
        "",
        "           0       0.79      0.45      0.58     14219",
        "           1       0.82      0.83      0.82     39865",
        "           2       0.51      0.27      0.36     11897",
        "           3       0.56      0.93      0.70     16530",
        "",
        "    accuracy                           0.70     82511",
        "   macro avg       0.67      0.62      0.61     82511",
        "weighted avg       0.72      0.70      0.69     82511",
        ""
    ]
}