{
    "optimizer": [
        "Adam (",
        "Parameter Group 0",
        "    amsgrad: False",
        "    betas: (0.9, 0.999)",
        "    capturable: False",
        "    differentiable: False",
        "    eps: 1e-08",
        "    foreach: None",
        "    fused: None",
        "    lr: 0.01",
        "    maximize: False",
        "    weight_decay: 0",
        ")"
    ],
    "criterion": [
        "CrossEntropyLoss()"
    ],
    "model": [
        "NeuralNetwork(",
        "  (fc): Sequential(",
        "    (0): Linear(in_features=11, out_features=64, bias=True)",
        "    (1): ReLU()",
        "    (2): Linear(in_features=64, out_features=16, bias=True)",
        "    (3): ReLU()",
        "    (4): Linear(in_features=16, out_features=4, bias=True)",
        "  )",
        ")"
    ],
    "epoch_t_loss": [
        0.01269929267388034,
        0.011758243822542192,
        0.011648259404986745,
        0.01160401633225112,
        0.011578938536514696,
        0.01156168929209187,
        0.011514752293114322,
        0.011548504922618313,
        0.011531312019389808,
        0.011470912503663602
    ],
    "epoch_v_loss": [
        0.011666744676178195,
        0.011891289511189947,
        0.011525979391513815,
        0.011463720818704743,
        0.011781530570178283,
        0.011513907947665226,
        0.011358656620262994,
        0.012577344686975104,
        0.011464388445844144,
        0.011430036050608088
    ],
    "epoch_t_acc": [
        0.6833455600065874,
        0.7036917423971837,
        0.7055332291036173,
        0.7061085600258364,
        0.7057321353332321,
        0.7059267640095218,
        0.7060123150760228,
        0.706029425289323,
        0.7060893110358737,
        0.7074132137899765
    ],
    "epoch_v_acc": [
        0.7043182121171723,
        0.7006580940723055,
        0.7105234453588006,
        0.7087661039134177,
        0.7005490177067301,
        0.701421628631334,
        0.7108991528402273,
        0.6686381209778091,
        0.7039788634242707,
        0.7041485377707215
    ],
    "t_epoch": [
        15.586277484893799,
        16.616455793380737,
        15.626683950424194,
        15.572461366653442,
        15.665883541107178,
        16.473732948303223,
        16.05086040496826,
        15.667653322219849,
        15.680708646774292,
        17.075613498687744
    ],
    "trainable_params": 1876,
    "params_table": [
        "+-------------+------------+",
        "|   Modules   | Parameters |",
        "+-------------+------------+",
        "| fc.0.weight |    704     |",
        "|  fc.0.bias  |     64     |",
        "| fc.2.weight |    1024    |",
        "|  fc.2.bias  |     16     |",
        "| fc.4.weight |     64     |",
        "|  fc.4.bias  |     4      |",
        "+-------------+------------+"
    ],
    "classification_report": [
        "              precision    recall  f1-score   support",
        "",
        "           0       0.86      0.38      0.53     14219",
        "           1       0.78      0.87      0.82     39865",
        "           2       0.62      0.17      0.26     11897",
        "           3       0.56      0.96      0.71     16530",
        "",
        "    accuracy                           0.70     82511",
        "   macro avg       0.70      0.60      0.58     82511",
        "weighted avg       0.73      0.70      0.67     82511",
        ""
    ]
}