{
    "optimizer": [
        "Adam (",
        "Parameter Group 0",
        "    amsgrad: False",
        "    betas: (0.9, 0.999)",
        "    capturable: False",
        "    differentiable: False",
        "    eps: 1e-08",
        "    foreach: None",
        "    fused: None",
        "    lr: 0.01",
        "    maximize: False",
        "    weight_decay: 0",
        ")"
    ],
    "criterion": [
        "CrossEntropyLoss()"
    ],
    "model": [
        "NeuralNetworkV5(",
        "  (fc): Sequential(",
        "    (0): Linear(in_features=11, out_features=64, bias=True)",
        "    (1): BatchNorm1d(64, eps=1e-05, momentum=0.1, affine=True, track_running_stats=True)",
        "    (2): ReLU()",
        "    (3): Linear(in_features=64, out_features=16, bias=True)",
        "    (4): BatchNorm1d(16, eps=1e-05, momentum=0.1, affine=True, track_running_stats=True)",
        "    (5): ReLU()",
        "    (6): Linear(in_features=16, out_features=4, bias=True)",
        "  )",
        ")"
    ],
    "epoch_t_loss": [
        0.013823688079068152,
        0.01300585027548309,
        0.012812300329206518,
        0.012700835020759674,
        0.012623644457939813,
        0.012558050837619779,
        0.012487120511286011,
        0.012434686333055214,
        0.012410392420871434,
        0.012379343964534013
    ],
    "epoch_v_loss": [
        0.012386177120599869,
        0.012139413505476575,
        0.012020101560070755,
        0.011902542343455879,
        0.011908544334912967,
        0.011828271722673952,
        0.012162514009352152,
        0.011814235274901606,
        0.011704735420965293,
        0.012012511098437302
    ],
    "epoch_t_acc": [
        0.6553040591842278,
        0.6753550903953957,
        0.6798743254833101,
        0.682830114830919,
        0.6848512587770047,
        0.6858821491283416,
        0.6881043380807046,
        0.689483849028033,
        0.6900677350569021,
        0.6907478660355849
    ],
    "epoch_v_acc": [
        0.6941862297148259,
        0.6973373247203403,
        0.695943571160209,
        0.7013973894389839,
        0.6996279283974258,
        0.7013852698428088,
        0.6970222152197889,
        0.695943571160209,
        0.7034577207887434,
        0.7036395147313691
    ],
    "t_epoch": [
        18.923473596572876,
        18.821015119552612,
        18.13620400428772,
        18.817994356155396,
        18.08277177810669,
        19.17493438720703,
        18.135963678359985,
        18.837602138519287,
        18.167489767074585,
        18.587515115737915
    ],
    "trainable_params": 2036,
    "params_table": [
        "+-------------+------------+",
        "|   Modules   | Parameters |",
        "+-------------+------------+",
        "| fc.0.weight |    704     |",
        "|  fc.0.bias  |     64     |",
        "| fc.1.weight |     64     |",
        "|  fc.1.bias  |     64     |",
        "| fc.3.weight |    1024    |",
        "|  fc.3.bias  |     16     |",
        "| fc.4.weight |     16     |",
        "|  fc.4.bias  |     16     |",
        "| fc.6.weight |     64     |",
        "|  fc.6.bias  |     4      |",
        "+-------------+------------+"
    ],
    "classification_report": [
        "              precision    recall  f1-score   support",
        "",
        "           0       0.81      0.43      0.56     14126",
        "           1       0.81      0.83      0.82     39945",
        "           2       0.51      0.27      0.35     11782",
        "           3       0.56      0.93      0.70     16658",
        "",
        "    accuracy                           0.70     82511",
        "   macro avg       0.67      0.62      0.61     82511",
        "weighted avg       0.72      0.70      0.69     82511",
        ""
    ]
}