{
    "optimizer": [
        "Adam (",
        "Parameter Group 0",
        "    amsgrad: False",
        "    betas: (0.9, 0.999)",
        "    capturable: False",
        "    differentiable: False",
        "    eps: 1e-08",
        "    foreach: None",
        "    fused: None",
        "    lr: 0.01",
        "    maximize: False",
        "    weight_decay: 0",
        ")"
    ],
    "criterion": [
        "CrossEntropyLoss()"
    ],
    "model": [
        "NeuralNetworkV6(",
        "  (fc): Sequential(",
        "    (0): Linear(in_features=11, out_features=128, bias=True)",
        "    (1): ReLU()",
        "    (2): Linear(in_features=128, out_features=64, bias=True)",
        "    (3): ReLU()",
        "    (4): Linear(in_features=64, out_features=16, bias=True)",
        "    (5): ReLU()",
        "    (6): Linear(in_features=16, out_features=4, bias=True)",
        "  )",
        ")"
    ],
    "epoch_t_loss": [
        0.012486456173254116,
        0.011824105866840984,
        0.011866849835853866,
        0.011763256342146691,
        0.01187950587635302,
        0.011880489167379445,
        0.013104795282929651,
        0.012590044801074373,
        0.013399445719575919,
        0.012197058203416397
    ],
    "epoch_v_loss": [
        0.012126347307849058,
        0.011485448667580661,
        0.011531041657532687,
        0.011756877431801776,
        0.01200724770584136,
        0.011711338259113309,
        0.012398982791801466,
        0.011944632650142631,
        0.012010958426372391,
        0.0132356835566569
    ],
    "epoch_t_acc": [
        0.681953216399284,
        0.6980838699880443,
        0.7020555782503524,
        0.7045921673721065,
        0.7016984025477108,
        0.6969267918136185,
        0.6556398471202441,
        0.6658182852571985,
        0.6280004363104391,
        0.6738386977416657
    ],
    "epoch_v_acc": [
        0.6938953594066246,
        0.7039546242319206,
        0.7116869265916059,
        0.7095296384724461,
        0.6978463477596927,
        0.7010338015537322,
        0.6698743197876647,
        0.6796063555162342,
        0.6802486941135122,
        0.6515010119862806
    ],
    "t_epoch": [
        18.07179069519043,
        16.61735725402832,
        17.56565523147583,
        16.621068477630615,
        16.701174020767212,
        18.005455017089844,
        17.13577365875244,
        16.705623626708984,
        17.41064476966858,
        16.626893520355225
    ],
    "trainable_params": 10900,
    "params_table": [
        "+-------------+------------+",
        "|   Modules   | Parameters |",
        "+-------------+------------+",
        "| fc.0.weight |    1408    |",
        "|  fc.0.bias  |    128     |",
        "| fc.2.weight |    8192    |",
        "|  fc.2.bias  |     64     |",
        "| fc.4.weight |    1024    |",
        "|  fc.4.bias  |     16     |",
        "| fc.6.weight |     64     |",
        "|  fc.6.bias  |     4      |",
        "+-------------+------------+"
    ],
    "classification_report": [
        "              precision    recall  f1-score   support",
        "",
        "           0       0.83      0.29      0.42     14126",
        "           1       0.83      0.83      0.83     39945",
        "           2       0.15      0.00      0.00     11782",
        "           3       0.44      0.99      0.61     16658",
        "",
        "    accuracy                           0.65     82511",
        "   macro avg       0.56      0.53      0.47     82511",
        "weighted avg       0.65      0.65      0.60     82511",
        ""
    ]
}