{
    "optimizer": [
        "Adam (",
        "Parameter Group 0",
        "    amsgrad: False",
        "    betas: (0.9, 0.999)",
        "    capturable: False",
        "    differentiable: False",
        "    eps: 1e-08",
        "    foreach: None",
        "    fused: None",
        "    lr: 0.001",
        "    maximize: False",
        "    weight_decay: 0",
        ")"
    ],
    "criterion": [
        "CrossEntropyLoss()"
    ],
    "model": [
        "CNN(",
        "  (conv1): Sequential(",
        "    (0): Conv2d(1, 4, kernel_size=(3, 3), stride=(1, 1), padding=same)",
        "    (1): Tanh()",
        "    (2): MaxPool2d(kernel_size=2, stride=2, padding=0, dilation=1, ceil_mode=False)",
        "  )",
        "  (drop): Dropout2d(p=0.7, inplace=False)",
        "  (conv2): Sequential(",
        "    (0): Conv2d(4, 8, kernel_size=(3, 3), stride=(1, 1), padding=same)",
        "    (1): Tanh()",
        "    (2): MaxPool2d(kernel_size=2, stride=2, padding=0, dilation=1, ceil_mode=False)",
        "  )",
        "  (conv3): Sequential(",
        "    (0): Conv2d(8, 16, kernel_size=(3, 3), stride=(1, 1), padding=same)",
        "    (1): Tanh()",
        "    (2): MaxPool2d(kernel_size=2, stride=2, padding=0, dilation=1, ceil_mode=False)",
        "  )",
        "  (fc): Linear(in_features=144, out_features=10, bias=True)",
        ")"
    ],
    "epoch_t_loss": [
        1.3931228722463538,
        1.168153323789141,
        1.1206229511481614,
        1.0966981048904247,
        1.0778334365724755,
        1.0707760775394277,
        1.0567833779336038,
        1.0497958702700478,
        1.039880474429649,
        1.045059871889635,
        1.0414591230181998,
        1.03184962012112,
        1.0234915465434222,
        1.030584280107067,
        1.0212391586954406
    ],
    "epoch_v_loss": [
        0.7220600192334242,
        0.6176604176782499,
        0.5699429969499066,
        0.5458120267102673,
        0.525584766819219,
        0.515858874009673,
        0.5011790742160408,
        0.4924424309639414,
        0.48759607961223383,
        0.4807277832441269,
        0.4861606115558345,
        0.47341656627928375,
        0.4784668995316621,
        0.4710217632685497,
        0.465410297463654
    ],
    "epoch_t_acc": [
        0.47819496268656714,
        0.5561700426439232,
        0.5747434701492538,
        0.5842384061833689,
        0.5910847547974414,
        0.5935334488272921,
        0.5979144456289979,
        0.6013459488272921,
        0.6047108208955224,
        0.601495868869936,
        0.6047274786780383,
        0.6091917643923241,
        0.6085920842217484,
        0.6064598880597015,
        0.6127398720682303
    ],
    "epoch_v_acc": [
        0.7382563694267515,
        0.7663216560509554,
        0.7899084394904459,
        0.8012539808917197,
        0.8105095541401274,
        0.8128980891719745,
        0.8177746815286624,
        0.8221536624203821,
        0.8215565286624203,
        0.8242436305732485,
        0.8223527070063694,
        0.82921974522293,
        0.823546974522293,
        0.8333996815286624,
        0.8302149681528662
    ],
    "t_epoch": [
        37.38928699493408,
        32.37654113769531,
        22.22831082344055,
        22.438408136367798,
        23.088124990463257,
        22.92554235458374,
        22.355302810668945,
        22.297542572021484,
        22.643402576446533,
        21.664961576461792,
        22.42548656463623,
        22.12189531326294,
        22.260721445083618,
        21.7065212726593,
        22.30234718322754
    ],
    "trainable_params": 2954,
    "params_table": [
        "+----------------+------------+",
        "|    Modules     | Parameters |",
        "+----------------+------------+",
        "| conv1.0.weight |     36     |",
        "|  conv1.0.bias  |     4      |",
        "| conv2.0.weight |    288     |",
        "|  conv2.0.bias  |     8      |",
        "| conv3.0.weight |    1152    |",
        "|  conv3.0.bias  |     16     |",
        "|   fc.weight    |    1440    |",
        "|    fc.bias     |     10     |",
        "+----------------+------------+"
    ]
}