{
    "optimizer": [
        "Adam (",
        "Parameter Group 0",
        "    amsgrad: False",
        "    betas: (0.9, 0.999)",
        "    capturable: False",
        "    differentiable: False",
        "    eps: 1e-08",
        "    foreach: None",
        "    fused: None",
        "    lr: 0.001",
        "    maximize: False",
        "    weight_decay: 0",
        ")"
    ],
    "criterion": [
        "CrossEntropyLoss()"
    ],
    "model": [
        "CNNVariant4(",
        "  (conv1): Sequential(",
        "    (0): Conv2d(1, 2, kernel_size=(3, 3), stride=(1, 1), padding=same)",
        "    (1): Tanh()",
        "    (2): MaxPool2d(kernel_size=2, stride=2, padding=0, dilation=1, ceil_mode=False)",
        "  )",
        "  (drop): Dropout2d(p=0.7, inplace=False)",
        "  (conv2): Sequential(",
        "    (0): Conv2d(2, 4, kernel_size=(3, 3), stride=(1, 1), padding=same)",
        "    (1): Tanh()",
        "    (2): MaxPool2d(kernel_size=2, stride=2, padding=0, dilation=1, ceil_mode=False)",
        "  )",
        "  (conv3): Sequential(",
        "    (0): Conv2d(8, 16, kernel_size=(3, 3), stride=(1, 1), padding=same)",
        "    (1): Tanh()",
        "    (2): MaxPool2d(kernel_size=2, stride=2, padding=0, dilation=1, ceil_mode=False)",
        "  )",
        "  (fc): Linear(in_features=196, out_features=10, bias=True)",
        ")"
    ],
    "epoch_t_loss": [
        1.5227060236656336,
        1.4022021299994576,
        1.3761202897598495,
        1.3563966852769669,
        1.3531301609997048,
        1.345199879235042,
        1.3459457000181365,
        1.3365557385660183,
        1.3284357306418388,
        1.3336264597835825,
        1.3285227247011433,
        1.3239493256947126,
        1.3284911972119102,
        1.328942968837742,
        1.3235618884502443
    ],
    "epoch_v_loss": [
        0.6371082864749203,
        0.543310042209686,
        0.5056590525208006,
        0.48384388977554954,
        0.4757798090102566,
        0.4635710482764396,
        0.4551753405552761,
        0.456406577567386,
        0.4488650030770879,
        0.44649548249639526,
        0.44287379076526423,
        0.4483469722756914,
        0.45226780624146673,
        0.4397282431459731,
        0.4398672920503434
    ],
    "epoch_t_acc": [
        0.4249566897654584,
        0.45912180170575695,
        0.4705157249466951,
        0.4774786780383795,
        0.478511460554371,
        0.48089352345415776,
        0.4791444562899787,
        0.48317563965884863,
        0.4873067697228145,
        0.48469149786780386,
        0.4873400852878465,
        0.48932236140724944,
        0.4859075159914712,
        0.4868570095948827,
        0.48953891257995735
    ],
    "epoch_v_acc": [
        0.7845342356687898,
        0.8175756369426752,
        0.8249402866242038,
        0.8338972929936306,
        0.8366839171974523,
        0.8381767515923567,
        0.841859076433121,
        0.8432523885350318,
        0.8476313694267515,
        0.8439490445859873,
        0.8478304140127388,
        0.8455414012738853,
        0.837281050955414,
        0.848328025477707,
        0.8458399681528662
    ],
    "t_epoch": [
        21.1900417804718,
        21.748538494110107,
        21.72767448425293,
        21.337929487228394,
        21.933777570724487,
        22.147278547286987,
        21.862560510635376,
        21.152825355529785,
        21.787097215652466,
        22.11484956741333,
        22.355028867721558,
        22.81101155281067,
        22.614200353622437,
        22.15333390235901,
        21.442742347717285
    ],
    "trainable_params": 3234,
    "params_table": [
        "+----------------+------------+",
        "|    Modules     | Parameters |",
        "+----------------+------------+",
        "| conv1.0.weight |     18     |",
        "|  conv1.0.bias  |     2      |",
        "| conv2.0.weight |     72     |",
        "|  conv2.0.bias  |     4      |",
        "| conv3.0.weight |    1152    |",
        "|  conv3.0.bias  |     16     |",
        "|   fc.weight    |    1960    |",
        "|    fc.bias     |     10     |",
        "+----------------+------------+"
    ]
}