{
    "optimizer": [
        "Adam (",
        "Parameter Group 0",
        "    amsgrad: False",
        "    betas: (0.9, 0.999)",
        "    capturable: False",
        "    differentiable: False",
        "    eps: 1e-08",
        "    foreach: None",
        "    fused: None",
        "    lr: 0.001",
        "    maximize: False",
        "    weight_decay: 0",
        ")"
    ],
    "criterion": [
        "CrossEntropyLoss()"
    ],
    "model": [
        "CNNVariant5(",
        "  (conv1): Sequential(",
        "    (0): Conv2d(1, 4, kernel_size=(5, 5), stride=(1, 1), padding=(2, 2))",
        "    (1): Tanh()",
        "    (2): MaxPool2d(kernel_size=2, stride=2, padding=0, dilation=1, ceil_mode=False)",
        "  )",
        "  (drop): Dropout2d(p=0.7, inplace=False)",
        "  (conv2): Sequential(",
        "    (0): Conv2d(4, 8, kernel_size=(5, 5), stride=(1, 1), padding=(2, 2))",
        "    (1): Tanh()",
        "    (2): MaxPool2d(kernel_size=2, stride=2, padding=0, dilation=1, ceil_mode=False)",
        "  )",
        "  (conv3): Sequential(",
        "    (0): Conv2d(8, 16, kernel_size=(5, 5), stride=(1, 1), padding=(2, 2))",
        "    (1): Tanh()",
        "    (2): MaxPool2d(kernel_size=2, stride=2, padding=0, dilation=1, ceil_mode=False)",
        "  )",
        "  (fc): Linear(in_features=144, out_features=10, bias=True)",
        ")"
    ],
    "epoch_t_loss": [
        1.369660162849467,
        1.1291953221058795,
        1.0793640504259545,
        1.0555897142841364,
        1.0357702814820986,
        1.0280104719245358,
        1.007926420171632,
        1.0177011540068237,
        1.0128218217699259,
        1.0091763562612188,
        0.9930992346328459,
        0.9938275112526249,
        0.9876284149409865,
        0.9943715270394201,
        0.9896170081360254
    ],
    "epoch_v_loss": [
        0.6747461557388306,
        0.5671546973620251,
        0.5167254686925062,
        0.4913590651978353,
        0.4856740437495481,
        0.46934298354728965,
        0.4568379649500938,
        0.44344880512565565,
        0.44420320849130107,
        0.4407583044213095,
        0.4334705857334623,
        0.4331917034782422,
        0.4398886276658174,
        0.42979522970072026,
        0.42226663374217455
    ],
    "epoch_t_acc": [
        0.4847914445628998,
        0.5723947228144989,
        0.5912513326226013,
        0.599630197228145,
        0.6070762260127932,
        0.6089418976545842,
        0.6164378997867804,
        0.6110574360341151,
        0.6128564765458422,
        0.6163046375266524,
        0.6209021855010661,
        0.6234674840085288,
        0.6215518390191898,
        0.6210021321961621,
        0.6241671108742004
    ],
    "epoch_v_acc": [
        0.7440286624203821,
        0.7933917197452229,
        0.8124004777070064,
        0.820859872611465,
        0.8230493630573248,
        0.8309116242038217,
        0.833797770700637,
        0.8400676751592356,
        0.8386743630573248,
        0.8442476114649682,
        0.8455414012738853,
        0.8438495222929936,
        0.8395700636942676,
        0.8462380573248408,
        0.8493232484076433
    ],
    "t_epoch": [
        21.709033966064453,
        22.499286890029907,
        22.980438947677612,
        23.000056505203247,
        22.22618865966797,
        22.93443775177002,
        23.424668788909912,
        23.097594261169434,
        23.10060214996338,
        22.72600030899048,
        22.59992289543152,
        23.010804891586304,
        22.88490080833435,
        23.035998582839966,
        21.955450296401978
    ],
    "trainable_params": 5578,
    "params_table": [
        "+----------------+------------+",
        "|    Modules     | Parameters |",
        "+----------------+------------+",
        "| conv1.0.weight |    100     |",
        "|  conv1.0.bias  |     4      |",
        "| conv2.0.weight |    800     |",
        "|  conv2.0.bias  |     8      |",
        "| conv3.0.weight |    3200    |",
        "|  conv3.0.bias  |     16     |",
        "|   fc.weight    |    1440    |",
        "|    fc.bias     |     10     |",
        "+----------------+------------+"
    ]
}