{
    "optimizer": [
        "Adam (",
        "Parameter Group 0",
        "    amsgrad: False",
        "    betas: (0.9, 0.999)",
        "    capturable: False",
        "    differentiable: False",
        "    eps: 1e-08",
        "    foreach: None",
        "    fused: None",
        "    lr: 0.001",
        "    maximize: False",
        "    weight_decay: 0",
        ")"
    ],
    "criterion": [
        "CrossEntropyLoss()"
    ],
    "model": [
        "CNNVariant2(",
        "  (conv1): Sequential(",
        "    (0): Conv2d(1, 8, kernel_size=(3, 3), stride=(1, 1), padding=same)",
        "    (1): Tanh()",
        "    (2): MaxPool2d(kernel_size=2, stride=2, padding=0, dilation=1, ceil_mode=False)",
        "  )",
        "  (drop): Dropout2d(p=0.7, inplace=False)",
        "  (conv2): Sequential(",
        "    (0): Conv2d(8, 16, kernel_size=(3, 3), stride=(1, 1), padding=same)",
        "    (1): Tanh()",
        "    (2): MaxPool2d(kernel_size=2, stride=2, padding=0, dilation=1, ceil_mode=False)",
        "  )",
        "  (conv3): Sequential(",
        "    (0): Conv2d(16, 32, kernel_size=(3, 3), stride=(1, 1), padding=same)",
        "    (1): Tanh()",
        "    (2): MaxPool2d(kernel_size=2, stride=2, padding=0, dilation=1, ceil_mode=False)",
        "  )",
        "  (fc): Linear(in_features=288, out_features=10, bias=True)",
        ")"
    ],
    "epoch_t_loss": [
        0.9292564639912994,
        0.6868162700680019,
        0.6345408582674669,
        0.6085840431866107,
        0.5963655918963683,
        0.5864418949971575,
        0.5708155971822708,
        0.571291822757421,
        0.565285939048094,
        0.5581809163633694,
        0.5516987856008859,
        0.5553409165379081,
        0.54493995808335,
        0.5416806301296647,
        0.5375194451861036
    ],
    "epoch_v_loss": [
        0.588995356468638,
        0.49373641325410006,
        0.4577030963768625,
        0.44383494726791506,
        0.425620758134848,
        0.41503903905677186,
        0.4177295180263033,
        0.4016315793725336,
        0.3968138902620145,
        0.39384022677779956,
        0.3849210197189052,
        0.38438795098833217,
        0.3783814241741873,
        0.3847326587909346,
        0.3855767923935204
    ],
    "epoch_t_acc": [
        0.6656283315565032,
        0.7470015991471215,
        0.7651918976545842,
        0.7742037579957356,
        0.777235474413646,
        0.7808502132196162,
        0.7888459488272921,
        0.7885127931769723,
        0.7889292377398721,
        0.7918943230277186,
        0.7934434968017058,
        0.7930603678038379,
        0.7966584488272921,
        0.7970582356076759,
        0.7984075159914712
    ],
    "epoch_v_acc": [
        0.7779657643312102,
        0.8185708598726115,
        0.8347929936305732,
        0.835390127388535,
        0.8423566878980892,
        0.8495222929936306,
        0.8496218152866242,
        0.8524084394904459,
        0.8518113057324841,
        0.8558917197452229,
        0.8600716560509554,
        0.8568869426751592,
        0.863156847133758,
        0.8569864649681529,
        0.8587778662420382
    ],
    "t_epoch": [
        22.88965654373169,
        23.12841796875,
        23.245325326919556,
        23.317743062973022,
        22.604413986206055,
        22.356179237365723,
        22.16782832145691,
        22.899274826049805,
        22.89502191543579,
        22.728343963623047,
        22.3554847240448,
        22.440738439559937,
        22.59186053276062,
        22.64429259300232,
        21.781843185424805
    ],
    "trainable_params": 8778,
    "params_table": [
        "+----------------+------------+",
        "|    Modules     | Parameters |",
        "+----------------+------------+",
        "| conv1.0.weight |     72     |",
        "|  conv1.0.bias  |     8      |",
        "| conv2.0.weight |    1152    |",
        "|  conv2.0.bias  |     16     |",
        "| conv3.0.weight |    4608    |",
        "|  conv3.0.bias  |     32     |",
        "|   fc.weight    |    2880    |",
        "|    fc.bias     |     10     |",
        "+----------------+------------+"
    ]
}