{
    "optimizer": [
        "Adam (",
        "Parameter Group 0",
        "    amsgrad: False",
        "    betas: (0.9, 0.999)",
        "    capturable: False",
        "    differentiable: False",
        "    eps: 1e-08",
        "    foreach: None",
        "    fused: None",
        "    lr: 0.001",
        "    maximize: False",
        "    weight_decay: 0",
        ")"
    ],
    "criterion": [
        "CrossEntropyLoss()"
    ],
    "model": [
        "CNNVariant1(",
        "  (conv1): Sequential(",
        "    (0): Conv2d(1, 4, kernel_size=(3, 3), stride=(1, 1), padding=same)",
        "    (1): Tanh()",
        "    (2): MaxPool2d(kernel_size=2, stride=2, padding=0, dilation=1, ceil_mode=False)",
        "  )",
        "  (drop): Dropout2d(p=0.7, inplace=False)",
        "  (conv2): Sequential(",
        "    (0): Conv2d(4, 8, kernel_size=(3, 3), stride=(1, 1), padding=same)",
        "    (1): Tanh()",
        "    (2): MaxPool2d(kernel_size=2, stride=2, padding=0, dilation=1, ceil_mode=False)",
        "  )",
        "  (conv3): Sequential(",
        "    (0): Conv2d(8, 16, kernel_size=(3, 3), stride=(1, 1), padding=same)",
        "    (1): Tanh()",
        "    (2): MaxPool2d(kernel_size=2, stride=2, padding=0, dilation=1, ceil_mode=False)",
        "  )",
        "  (fc): Linear(in_features=32, out_features=10, bias=True)",
        "  (conv4): Sequential(",
        "    (0): Conv2d(16, 32, kernel_size=(3, 3), stride=(1, 1), padding=same)",
        "    (1): Tanh()",
        "    (2): MaxPool2d(kernel_size=2, stride=2, padding=0, dilation=1, ceil_mode=False)",
        "  )",
        ")"
    ],
    "epoch_t_loss": [
        1.6249198314985995,
        1.3363600021232165,
        1.278020232089801,
        1.2413423728587023,
        1.2247838466279288,
        1.206395444076961,
        1.194361517043002,
        1.1895290946147081,
        1.1797703480415507,
        1.1728624793639315,
        1.1664263603529696,
        1.1648113076239506,
        1.1513196976581361,
        1.1614671544606752,
        1.1570582770462483
    ],
    "epoch_v_loss": [
        0.8946994937908878,
        0.7527828791718574,
        0.6899381851314739,
        0.661268743739766,
        0.6457045087768774,
        0.6283023913574827,
        0.634162199914835,
        0.606630008311788,
        0.6006299131994794,
        0.5952848748416658,
        0.5741082807635046,
        0.5784531150274216,
        0.5685785410890154,
        0.5633851640923008,
        0.5695401576294261
    ],
    "epoch_t_acc": [
        0.39517257462686567,
        0.48977212153518124,
        0.5128098347547975,
        0.5248534115138592,
        0.5338152985074627,
        0.5402118869936035,
        0.5426439232409381,
        0.5465751599147122,
        0.5503398187633263,
        0.5543210287846482,
        0.5569363006396588,
        0.5573027718550106,
        0.560584355010661,
        0.5568030383795309,
        0.5604677505330491
    ],
    "epoch_v_acc": [
        0.6523686305732485,
        0.7134753184713376,
        0.7422372611464968,
        0.7477109872611465,
        0.7586584394904459,
        0.7626393312101911,
        0.7586584394904459,
        0.7709992038216561,
        0.7757762738853503,
        0.7796576433121019,
        0.7857285031847133,
        0.783937101910828,
        0.7898089171974523,
        0.7920979299363057,
        0.7881170382165605
    ],
    "t_epoch": [
        37.64000415802002,
        22.885100841522217,
        22.958969116210938,
        24.10703730583191,
        22.22352886199951,
        22.838327169418335,
        23.130510330200195,
        23.0207941532135,
        22.819206476211548,
        22.26542854309082,
        23.629173517227173,
        23.636987447738647,
        23.59344720840454,
        23.114179372787476,
        22.996519327163696
    ],
    "trainable_params": 6474,
    "params_table": [
        "+----------------+------------+",
        "|    Modules     | Parameters |",
        "+----------------+------------+",
        "| conv1.0.weight |     36     |",
        "|  conv1.0.bias  |     4      |",
        "| conv2.0.weight |    288     |",
        "|  conv2.0.bias  |     8      |",
        "| conv3.0.weight |    1152    |",
        "|  conv3.0.bias  |     16     |",
        "|   fc.weight    |    320     |",
        "|    fc.bias     |     10     |",
        "| conv4.0.weight |    4608    |",
        "|  conv4.0.bias  |     32     |",
        "+----------------+------------+"
    ]
}