{
    "optimizer": [
        "Adam (",
        "Parameter Group 0",
        "    amsgrad: False",
        "    betas: (0.9, 0.999)",
        "    capturable: False",
        "    differentiable: False",
        "    eps: 1e-08",
        "    foreach: None",
        "    fused: None",
        "    lr: 0.001",
        "    maximize: False",
        "    weight_decay: 0",
        ")"
    ],
    "criterion": [
        "CrossEntropyLoss()"
    ],
    "model": [
        "CNNVariant2(",
        "  (conv1): Sequential(",
        "    (0): Conv2d(1, 8, kernel_size=(3, 3), stride=(1, 1), padding=same)",
        "    (1): Tanh()",
        "    (2): MaxPool2d(kernel_size=2, stride=2, padding=0, dilation=1, ceil_mode=False)",
        "  )",
        "  (drop): Dropout2d(p=0.7, inplace=False)",
        "  (conv2): Sequential(",
        "    (0): Conv2d(8, 16, kernel_size=(3, 3), stride=(1, 1), padding=same)",
        "    (1): Tanh()",
        "    (2): MaxPool2d(kernel_size=2, stride=2, padding=0, dilation=1, ceil_mode=False)",
        "  )",
        "  (conv3): Sequential(",
        "    (0): Conv2d(16, 32, kernel_size=(3, 3), stride=(1, 1), padding=same)",
        "    (1): Tanh()",
        "    (2): MaxPool2d(kernel_size=2, stride=2, padding=0, dilation=1, ceil_mode=False)",
        "  )",
        "  (fc): Linear(in_features=288, out_features=2, bias=True)",
        ")"
    ],
    "epoch_t_loss": [
        0.4735326320885089,
        0.3378531077799325,
        0.298982191152466,
        0.27754034768468655,
        0.2629228688705082,
        0.24823164539977002,
        0.23937447983235977,
        0.2346566703896553,
        0.22552699798021836,
        0.22432223750284305,
        0.2191823222957099,
        0.2156925648688889,
        0.21549871687691052,
        0.20971748692254288,
        0.2028768050451629
    ],
    "epoch_v_loss": [
        0.29622535431271146,
        0.22999336959639932,
        0.20787883509591126,
        0.18560640538811304,
        0.17723336272463677,
        0.16722803728975308,
        0.16107353706885674,
        0.1537939820818271,
        0.1480769850669583,
        0.15342334364867136,
        0.1465631719132897,
        0.13862613096216303,
        0.13910261576010544,
        0.13359147460929527,
        0.13471973934181178
    ],
    "epoch_t_acc": [
        0.7717651757188498,
        0.8507887380191693,
        0.8654652555910544,
        0.8770966453674122,
        0.8828873801916933,
        0.8867312300319489,
        0.8910742811501597,
        0.8919229233226837,
        0.8972144568690096,
        0.8976138178913738,
        0.9027056709265175,
        0.8991114217252396,
        0.9008087060702875,
        0.9049520766773163,
        0.9074480830670927
    ],
    "epoch_v_acc": [
        0.8869426751592356,
        0.9136146496815286,
        0.9233678343949044,
        0.931031050955414,
        0.9328224522292994,
        0.9370023885350318,
        0.9397890127388535,
        0.9443670382165605,
        0.9449641719745223,
        0.9426751592356688,
        0.9459593949044586,
        0.9481488853503185,
        0.9480493630573248,
        0.950437898089172,
        0.9506369426751592
    ],
    "t_epoch": [
        14.0704665184021,
        10.042463779449463,
        10.020270824432373,
        10.432175397872925,
        9.757138013839722,
        11.19913625717163,
        11.328047752380371,
        10.996017456054688,
        10.722549676895142,
        10.129244565963745,
        9.87853741645813,
        10.357235431671143,
        10.519623756408691,
        10.431721925735474,
        10.022139072418213
    ],
    "trainable_params": 6466,
    "params_table": [
        "+----------------+------------+",
        "|    Modules     | Parameters |",
        "+----------------+------------+",
        "| conv1.0.weight |     72     |",
        "|  conv1.0.bias  |     8      |",
        "| conv2.0.weight |    1152    |",
        "|  conv2.0.bias  |     16     |",
        "| conv3.0.weight |    4608    |",
        "|  conv3.0.bias  |     32     |",
        "|   fc.weight    |    576     |",
        "|    fc.bias     |     2      |",
        "+----------------+------------+"
    ]
}