{
    "optimizer": [
        "Adam (",
        "Parameter Group 0",
        "    amsgrad: False",
        "    betas: (0.9, 0.999)",
        "    capturable: False",
        "    differentiable: False",
        "    eps: 1e-08",
        "    foreach: None",
        "    fused: None",
        "    lr: 0.001",
        "    maximize: False",
        "    weight_decay: 0",
        ")"
    ],
    "criterion": [
        "CrossEntropyLoss()"
    ],
    "model": [
        "CNN(",
        "  (conv1): Sequential(",
        "    (0): Conv2d(1, 4, kernel_size=(3, 3), stride=(1, 1), padding=same)",
        "    (1): Tanh()",
        "    (2): MaxPool2d(kernel_size=2, stride=2, padding=0, dilation=1, ceil_mode=False)",
        "  )",
        "  (drop): Dropout2d(p=0.7, inplace=False)",
        "  (conv2): Sequential(",
        "    (0): Conv2d(4, 8, kernel_size=(3, 3), stride=(1, 1), padding=same)",
        "    (1): Tanh()",
        "    (2): MaxPool2d(kernel_size=2, stride=2, padding=0, dilation=1, ceil_mode=False)",
        "  )",
        "  (conv3): Sequential(",
        "    (0): Conv2d(8, 16, kernel_size=(3, 3), stride=(1, 1), padding=same)",
        "    (1): Tanh()",
        "    (2): MaxPool2d(kernel_size=2, stride=2, padding=0, dilation=1, ceil_mode=False)",
        "  )",
        "  (fc): Linear(in_features=144, out_features=10, bias=True)",
        ")"
    ],
    "epoch_t_loss": [
        1.4565781465471426,
        1.1766694853427822,
        1.1232211641919638,
        1.0970410707154508,
        1.0747572838116302,
        1.0514581425866085,
        1.0486488413454882,
        1.0315088324074044,
        1.0316426952891766,
        1.018391018927987,
        1.0213945215699007,
        1.0105542144668636,
        1.0129880921037466,
        1.0094876997887707,
        1.0077425869288983
    ],
    "epoch_v_loss": [
        0.7582813805075967,
        0.64254309322424,
        0.5848526704083582,
        0.5477835006394963,
        0.5255363306422143,
        0.5084015054118102,
        0.49346699465991584,
        0.4872202474600191,
        0.479067764654281,
        0.4727393097368775,
        0.46612868557690057,
        0.45814706309206166,
        0.4536861146141769,
        0.4475299645761016,
        0.4510198646480111
    ],
    "epoch_t_acc": [
        0.45612340085287845,
        0.5533548773987207,
        0.5703957889125799,
        0.5812733208955224,
        0.5905183901918977,
        0.5993470149253731,
        0.6006463219616205,
        0.6065598347547975,
        0.6068097014925373,
        0.611507196162047,
        0.6110907515991472,
        0.6169376332622601,
        0.6121568496801706,
        0.6155217217484008,
        0.615121934968017
    ],
    "epoch_v_acc": [
        0.7135748407643312,
        0.761843152866242,
        0.78015525477707,
        0.7983678343949044,
        0.8083200636942676,
        0.8142914012738853,
        0.8212579617834395,
        0.8200636942675159,
        0.8291202229299363,
        0.8279259554140127,
        0.8314092356687898,
        0.8312101910828026,
        0.833797770700637,
        0.8350915605095541,
        0.8329020700636943
    ],
    "t_epoch": [
        15.5384361743927,
        15.36850094795227,
        15.304243803024292,
        16.016859531402588,
        16.09711480140686,
        15.375776290893555,
        15.43528437614441,
        15.569571733474731,
        16.06767725944519,
        15.423985481262207,
        15.43925142288208,
        15.371440172195435,
        16.105608463287354,
        15.620339632034302,
        15.433294773101807
    ],
    "trainable_params": 2954,
    "params_table": [
        "+----------------+------------+",
        "|    Modules     | Parameters |",
        "+----------------+------------+",
        "| conv1.0.weight |     36     |",
        "|  conv1.0.bias  |     4      |",
        "| conv2.0.weight |    288     |",
        "|  conv2.0.bias  |     8      |",
        "| conv3.0.weight |    1152    |",
        "|  conv3.0.bias  |     16     |",
        "|   fc.weight    |    1440    |",
        "|    fc.bias     |     10     |",
        "+----------------+------------+"
    ]
}