{
    "optimizer": [
        "Adam (",
        "Parameter Group 0",
        "    amsgrad: False",
        "    betas: (0.9, 0.999)",
        "    capturable: False",
        "    differentiable: False",
        "    eps: 1e-08",
        "    foreach: None",
        "    fused: None",
        "    lr: 0.001",
        "    maximize: False",
        "    weight_decay: 0",
        ")"
    ],
    "criterion": [
        "CrossEntropyLoss()"
    ],
    "model": [
        "CNNVariant1(",
        "  (conv1): Sequential(",
        "    (0): Conv2d(1, 4, kernel_size=(3, 3), stride=(1, 1), padding=same)",
        "    (1): Tanh()",
        "    (2): MaxPool2d(kernel_size=2, stride=2, padding=0, dilation=1, ceil_mode=False)",
        "  )",
        "  (drop): Dropout2d(p=0.7, inplace=False)",
        "  (conv2): Sequential(",
        "    (0): Conv2d(4, 8, kernel_size=(3, 3), stride=(1, 1), padding=same)",
        "    (1): Tanh()",
        "    (2): MaxPool2d(kernel_size=2, stride=2, padding=0, dilation=1, ceil_mode=False)",
        "  )",
        "  (conv3): Sequential(",
        "    (0): Conv2d(8, 16, kernel_size=(3, 3), stride=(1, 1), padding=same)",
        "    (1): Tanh()",
        "    (2): MaxPool2d(kernel_size=2, stride=2, padding=0, dilation=1, ceil_mode=False)",
        "  )",
        "  (fc): Linear(in_features=32, out_features=10, bias=True)",
        "  (conv4): Sequential(",
        "    (0): Conv2d(16, 32, kernel_size=(3, 3), stride=(1, 1), padding=same)",
        "    (1): Tanh()",
        "    (2): MaxPool2d(kernel_size=2, stride=2, padding=0, dilation=1, ceil_mode=False)",
        "  )",
        ")"
    ],
    "epoch_t_loss": [
        1.721522880007209,
        1.3162226798946162,
        1.250199297026022,
        1.2209635904348735,
        1.2045366078424555,
        1.1884337182619424,
        1.1850830340055005,
        1.1734557449182212,
        1.1703322455445841,
        1.1539756721779229,
        1.1504000021196377,
        1.1493772557422297,
        1.137472251521499,
        1.1371015922855467,
        1.1321042652196214
    ],
    "epoch_v_loss": [
        0.8600274704064533,
        0.7326571383294026,
        0.6837294568681413,
        0.6616418526810446,
        0.633818588249243,
        0.637975819171614,
        0.6059577848501266,
        0.5994097394928052,
        0.5868331288835805,
        0.5714669214312438,
        0.5818764269351959,
        0.5608657395384115,
        0.5670505813352621,
        0.5555230494897077,
        0.5478948859652136
    ],
    "epoch_t_acc": [
        0.3485141257995736,
        0.4991671108742004,
        0.5192563965884861,
        0.5342484008528785,
        0.5373467484008528,
        0.5434768123667377,
        0.5442264125799574,
        0.5496068763326226,
        0.5472914445628998,
        0.5585021321961621,
        0.5590684968017058,
        0.5596848347547975,
        0.5648987206823027,
        0.5642657249466951,
        0.5677638592750534
    ],
    "epoch_v_acc": [
        0.6685907643312102,
        0.7215366242038217,
        0.7379578025477707,
        0.7414410828025477,
        0.7535828025477707,
        0.7502985668789809,
        0.7666202229299363,
        0.7698049363057324,
        0.7729896496815286,
        0.7820461783439491,
        0.7758757961783439,
        0.7872213375796179,
        0.7813495222929936,
        0.7903065286624203,
        0.7917993630573248
    ],
    "t_epoch": [
        19.61456060409546,
        16.077804565429688,
        16.06209444999695,
        17.06990361213684,
        16.080052614212036,
        15.994359731674194,
        15.935903787612915,
        16.696216344833374,
        16.259661197662354,
        16.94373369216919,
        16.000232458114624,
        16.49748706817627,
        16.308916807174683,
        16.314574480056763,
        16.139689922332764
    ],
    "trainable_params": 6474,
    "params_table": [
        "+----------------+------------+",
        "|    Modules     | Parameters |",
        "+----------------+------------+",
        "| conv1.0.weight |     36     |",
        "|  conv1.0.bias  |     4      |",
        "| conv2.0.weight |    288     |",
        "|  conv2.0.bias  |     8      |",
        "| conv3.0.weight |    1152    |",
        "|  conv3.0.bias  |     16     |",
        "|   fc.weight    |    320     |",
        "|    fc.bias     |     10     |",
        "| conv4.0.weight |    4608    |",
        "|  conv4.0.bias  |     32     |",
        "+----------------+------------+"
    ]
}