{
    "optimizer": [
        "Adam (",
        "Parameter Group 0",
        "    amsgrad: False",
        "    betas: (0.9, 0.999)",
        "    capturable: False",
        "    differentiable: False",
        "    eps: 1e-08",
        "    foreach: None",
        "    fused: None",
        "    lr: 0.001",
        "    maximize: False",
        "    weight_decay: 0",
        ")"
    ],
    "criterion": [
        "CrossEntropyLoss()"
    ],
    "model": [
        "CNN(",
        "  (conv1): Sequential(",
        "    (0): Conv2d(1, 4, kernel_size=(7, 7), stride=(1, 1), padding=same)",
        "    (1): ReLU()",
        "    (2): BatchNorm2d(4, eps=1e-05, momentum=0.1, affine=True, track_running_stats=True)",
        "    (3): MaxPool2d(kernel_size=2, stride=2, padding=0, dilation=1, ceil_mode=False)",
        "  )",
        "  (drop): Dropout2d(p=0.7, inplace=False)",
        "  (conv2): Sequential(",
        "    (0): Conv2d(4, 8, kernel_size=(5, 5), stride=(1, 1), padding=same)",
        "    (1): ReLU()",
        "    (2): BatchNorm2d(8, eps=1e-05, momentum=0.1, affine=True, track_running_stats=True)",
        "    (3): MaxPool2d(kernel_size=2, stride=2, padding=0, dilation=1, ceil_mode=False)",
        "  )",
        "  (conv3): Sequential(",
        "    (0): Conv2d(8, 16, kernel_size=(3, 3), stride=(1, 1), padding=same)",
        "    (1): ReLU()",
        "    (2): BatchNorm2d(16, eps=1e-05, momentum=0.1, affine=True, track_running_stats=True)",
        "    (3): MaxPool2d(kernel_size=2, stride=2, padding=0, dilation=1, ceil_mode=False)",
        "  )",
        "  (fc): Linear(in_features=144, out_features=10, bias=True)",
        ")"
    ],
    "epoch_t_loss": [
        1.4796159951163252,
        1.20056084643549,
        1.1496096314397701,
        1.11639328316839,
        1.0880481731662872,
        1.0813346880077044,
        1.0720137581388072,
        1.0633054128460793,
        1.0585073971036654,
        1.0511210447054173,
        1.0440664633886139,
        1.04845138246825,
        1.0385493768939078,
        1.0344921026402698,
        1.033589847179364
    ],
    "epoch_v_loss": [
        0.7371877257231694,
        0.6061550114944483,
        0.5522448283851527,
        0.5311663291256898,
        0.5109622782203043,
        0.4872013376017285,
        0.4985862512877033,
        0.46960296315752015,
        0.4576773053141916,
        0.4561315326933648,
        0.4571778970729014,
        0.4515118097803395,
        0.4386863261461258,
        0.44254003474666814,
        0.43096211002131174
    ],
    "epoch_t_acc": [
        0.4587220149253731,
        0.5564365671641791,
        0.5735607675906184,
        0.5833722014925373,
        0.5942830490405118,
        0.5964152452025586,
        0.5966984275053305,
        0.6030117270788913,
        0.6043276918976546,
        0.6061100746268657,
        0.6085421108742004,
        0.6081589818763327,
        0.6105243869936035,
        0.6126732409381663,
        0.6109075159914712
    ],
    "epoch_v_acc": [
        0.7420382165605095,
        0.7810509554140127,
        0.801453025477707,
        0.794984076433121,
        0.8110071656050956,
        0.8148885350318471,
        0.794984076433121,
        0.8318073248407644,
        0.8324044585987261,
        0.8406648089171974,
        0.8198646496815286,
        0.8335987261146497,
        0.8392714968152867,
        0.8344944267515924,
        0.8428542993630573
    ]
}