{
    "optimizer": [
        "Adam (",
        "Parameter Group 0",
        "    amsgrad: False",
        "    betas: (0.9, 0.999)",
        "    capturable: False",
        "    differentiable: False",
        "    eps: 1e-08",
        "    foreach: None",
        "    fused: None",
        "    lr: 0.001",
        "    maximize: False",
        "    weight_decay: 0",
        ")"
    ],
    "criterion": [
        "CrossEntropyLoss()"
    ],
    "model": [
        "CNN(",
        "  (conv1): Sequential(",
        "    (0): Conv2d(1, 4, kernel_size=(3, 3), stride=(1, 1), padding=same)",
        "    (1): Tanh()",
        "    (2): MaxPool2d(kernel_size=2, stride=2, padding=0, dilation=1, ceil_mode=False)",
        "  )",
        "  (drop): Dropout2d(p=0.7, inplace=False)",
        "  (conv2): Sequential(",
        "    (0): Conv2d(4, 8, kernel_size=(3, 3), stride=(1, 1), padding=same)",
        "    (1): Tanh()",
        "    (2): MaxPool2d(kernel_size=2, stride=2, padding=0, dilation=1, ceil_mode=False)",
        "  )",
        "  (conv3): Sequential(",
        "    (0): Conv2d(8, 16, kernel_size=(3, 3), stride=(1, 1), padding=same)",
        "    (1): Tanh()",
        "    (2): MaxPool2d(kernel_size=2, stride=2, padding=0, dilation=1, ceil_mode=False)",
        "  )",
        "  (fc): Linear(in_features=144, out_features=10, bias=True)",
        ")"
    ],
    "epoch_t_loss": [
        1.4350128023227904,
        1.186908529384304,
        1.1352029241986874,
        1.1026344059754027,
        1.0924170666666173,
        1.0726901079927171,
        1.0567432818636457,
        1.0538756248157923,
        1.0489660113859278,
        1.040985972769479,
        1.0368680788128615,
        1.0305058065889232,
        1.0268217823398647,
        1.0220327353172465,
        1.014846222232908
    ],
    "epoch_v_loss": [
        0.7539304485366602,
        0.6549843435834168,
        0.601794085874679,
        0.5658220489313648,
        0.5426352435995818,
        0.5277957046867177,
        0.5228043265972927,
        0.5085428328650772,
        0.49631701798955347,
        0.4913379437984175,
        0.4912823201364772,
        0.479438182085183,
        0.47579839455473955,
        0.46874463909370884,
        0.4692232131388537
    ],
    "epoch_t_acc": [
        0.4593383528784648,
        0.5476745735607675,
        0.5677805170575693,
        0.580190565031983,
        0.5854211087420043,
        0.589785447761194,
        0.595648987206823,
        0.5981643123667377,
        0.6002631929637526,
        0.6025286513859275,
        0.6026619136460555,
        0.6088586087420043,
        0.6083089019189766,
        0.6099247068230277,
        0.6120402452025586
    ],
    "epoch_v_acc": [
        0.7203423566878981,
        0.7593550955414012,
        0.7803542993630573,
        0.7929936305732485,
        0.804140127388535,
        0.8095143312101911,
        0.8040406050955414,
        0.8185708598726115,
        0.8198646496815286,
        0.8174761146496815,
        0.8192675159235668,
        0.8232484076433121,
        0.8248407643312102,
        0.82921974522293,
        0.8272292993630573
    ],
    "t_epoch": [
        16.51288652420044,
        16.023364305496216,
        15.491326808929443,
        15.584514379501343,
        15.89902663230896,
        15.83173418045044,
        16.432722806930542,
        15.855610847473145,
        15.917972087860107,
        15.766329765319824,
        15.607693433761597,
        15.68561840057373,
        15.826359272003174,
        16.18254542350769,
        16.27002763748169
    ],
    "trainable_params": 2954,
    "params_table": [
        "+----------------+------------+",
        "|    Modules     | Parameters |",
        "+----------------+------------+",
        "| conv1.0.weight |     36     |",
        "|  conv1.0.bias  |     4      |",
        "| conv2.0.weight |    288     |",
        "|  conv2.0.bias  |     8      |",
        "| conv3.0.weight |    1152    |",
        "|  conv3.0.bias  |     16     |",
        "|   fc.weight    |    1440    |",
        "|    fc.bias     |     10     |",
        "+----------------+------------+"
    ]
}