{
    "optimizer": [
        "Adam (",
        "Parameter Group 0",
        "    amsgrad: False",
        "    betas: (0.9, 0.999)",
        "    capturable: False",
        "    differentiable: False",
        "    eps: 1e-08",
        "    foreach: None",
        "    fused: None",
        "    lr: 0.001",
        "    maximize: False",
        "    weight_decay: 0",
        ")"
    ],
    "criterion": [
        "CrossEntropyLoss()"
    ],
    "model": [
        "CNNVariant4(",
        "  (conv1): Sequential(",
        "    (0): Conv2d(1, 2, kernel_size=(3, 3), stride=(1, 1), padding=same)",
        "    (1): Tanh()",
        "    (2): MaxPool2d(kernel_size=2, stride=2, padding=0, dilation=1, ceil_mode=False)",
        "  )",
        "  (drop): Dropout2d(p=0.7, inplace=False)",
        "  (conv2): Sequential(",
        "    (0): Conv2d(2, 4, kernel_size=(3, 3), stride=(1, 1), padding=same)",
        "    (1): Tanh()",
        "    (2): MaxPool2d(kernel_size=2, stride=2, padding=0, dilation=1, ceil_mode=False)",
        "  )",
        "  (conv3): Sequential(",
        "    (0): Conv2d(8, 16, kernel_size=(3, 3), stride=(1, 1), padding=same)",
        "    (1): Tanh()",
        "    (2): MaxPool2d(kernel_size=2, stride=2, padding=0, dilation=1, ceil_mode=False)",
        "  )",
        "  (fc): Linear(in_features=196, out_features=10, bias=True)",
        ")"
    ],
    "epoch_t_loss": [
        1.5811279127592726,
        1.431051080796256,
        1.3953885371878203,
        1.3877096251765293,
        1.3739918210486104,
        1.3615314244334378,
        1.355724176109981,
        1.350431494811959,
        1.3440356844269645,
        1.347401838884679,
        1.3426897414584658,
        1.3434648405133025,
        1.3415224021558823,
        1.338118283225021,
        1.335239408875325
    ],
    "epoch_v_loss": [
        0.7008323629570615,
        0.6121616145228125,
        0.5720839916141169,
        0.5416798191085742,
        0.5200735799446228,
        0.5092241566651946,
        0.49397254996239,
        0.5002619580478426,
        0.4939575768580103,
        0.4796902991024552,
        0.4706711011707403,
        0.4775303841396502,
        0.46176611181277377,
        0.4673741454151785,
        0.45810330578476
    ],
    "epoch_t_acc": [
        0.3957056236673774,
        0.45025986140724944,
        0.46240338486140725,
        0.46651785714285715,
        0.4701659115138593,
        0.47726212686567165,
        0.4789279051172708,
        0.4790445095948827,
        0.48157649253731344,
        0.478494802771855,
        0.48190964818763327,
        0.4818430170575693,
        0.48279251066098083,
        0.48249267057569295,
        0.48562433368869934
    ],
    "epoch_v_acc": [
        0.7587579617834395,
        0.7886146496815286,
        0.8011544585987261,
        0.8093152866242038,
        0.8188694267515924,
        0.8247412420382165,
        0.8267316878980892,
        0.8236464968152867,
        0.8249402866242038,
        0.8343949044585988,
        0.8411624203821656,
        0.8322054140127388,
        0.8392714968152867,
        0.8334992038216561,
        0.8416600318471338
    ],
    "t_epoch": [
        17.037112712860107,
        15.737306833267212,
        15.07271695137024,
        15.069066286087036,
        15.286132335662842,
        15.268908262252808,
        15.77465295791626,
        16.21709632873535,
        15.059423208236694,
        15.184197425842285,
        15.057709693908691,
        15.196390151977539,
        15.955511093139648,
        15.310287475585938,
        14.999717712402344
    ],
    "trainable_params": 3234,
    "params_table": [
        "+----------------+------------+",
        "|    Modules     | Parameters |",
        "+----------------+------------+",
        "| conv1.0.weight |     18     |",
        "|  conv1.0.bias  |     2      |",
        "| conv2.0.weight |     72     |",
        "|  conv2.0.bias  |     4      |",
        "| conv3.0.weight |    1152    |",
        "|  conv3.0.bias  |     16     |",
        "|   fc.weight    |    1960    |",
        "|    fc.bias     |     10     |",
        "+----------------+------------+"
    ]
}