{
    "optimizer": [
        "Adam (",
        "Parameter Group 0",
        "    amsgrad: False",
        "    betas: (0.9, 0.999)",
        "    capturable: False",
        "    differentiable: False",
        "    eps: 1e-08",
        "    foreach: None",
        "    fused: None",
        "    lr: 0.001",
        "    maximize: False",
        "    weight_decay: 0",
        ")"
    ],
    "criterion": [
        "CrossEntropyLoss()"
    ],
    "model": [
        "CNN(",
        "  (conv1): Sequential(",
        "    (0): Conv2d(1, 4, kernel_size=(3, 3), stride=(1, 1), padding=same)",
        "    (1): Tanh()",
        "    (2): MaxPool2d(kernel_size=2, stride=2, padding=0, dilation=1, ceil_mode=False)",
        "  )",
        "  (drop): Dropout2d(p=0.7, inplace=False)",
        "  (conv2): Sequential(",
        "    (0): Conv2d(4, 8, kernel_size=(3, 3), stride=(1, 1), padding=same)",
        "    (1): Tanh()",
        "    (2): MaxPool2d(kernel_size=2, stride=2, padding=0, dilation=1, ceil_mode=False)",
        "  )",
        "  (conv3): Sequential(",
        "    (0): Conv2d(8, 16, kernel_size=(3, 3), stride=(1, 1), padding=same)",
        "    (1): Tanh()",
        "    (2): MaxPool2d(kernel_size=2, stride=2, padding=0, dilation=1, ceil_mode=False)",
        "  )",
        "  (fc): Linear(in_features=144, out_features=10, bias=True)",
        ")"
    ],
    "epoch_t_loss": [
        1.457909857921763,
        1.1463802821600615,
        1.1046776230147144,
        1.0755290444980043,
        1.057566354079033,
        1.04422851818711,
        1.0378159043758408,
        1.036863951540705,
        1.0282282897277173,
        1.027472730765719,
        1.0205745883842012,
        1.0227086688918092,
        1.0095623855524734,
        1.0151972308087704,
        1.0066584947266812
    ],
    "epoch_v_loss": [
        0.6976577704119834,
        0.6103610269203308,
        0.5509650777479645,
        0.528017933201638,
        0.5186185918416187,
        0.5046593376026032,
        0.4929792396961504,
        0.4900556375646287,
        0.4839357101613549,
        0.47014038331189734,
        0.47086982011415396,
        0.46488377167161105,
        0.4631394318714263,
        0.4592369708475793,
        0.4638187461028433
    ],
    "epoch_t_acc": [
        0.45925506396588484,
        0.5638492803837953,
        0.578241604477612,
        0.5901186034115139,
        0.5971815031982942,
        0.6014625533049041,
        0.6037779850746269,
        0.6044776119402985,
        0.6076425906183369,
        0.6057269456289979,
        0.6106076759061834,
        0.6102745202558635,
        0.6138392857142857,
        0.6130397121535182,
        0.6162046908315565
    ],
    "epoch_v_acc": [
        0.7390525477707006,
        0.7670183121019108,
        0.7967754777070064,
        0.8032444267515924,
        0.8085191082802548,
        0.8123009554140127,
        0.8161823248407644,
        0.8156847133757962,
        0.8184713375796179,
        0.8251393312101911,
        0.8263335987261147,
        0.8273288216560509,
        0.828125,
        0.830812101910828,
        0.8284235668789809
    ],
    "t_epoch": [
        15.617629528045654,
        15.676199674606323,
        16.112508296966553,
        15.692769527435303,
        15.538149356842041,
        15.836005449295044,
        15.996297836303711,
        16.918418407440186,
        15.785500288009644,
        15.712032794952393,
        15.757620096206665,
        16.282252550125122,
        15.870827198028564,
        15.660242319107056,
        15.768876552581787
    ],
    "trainable_params": 2954,
    "params_table": [
        "+----------------+------------+",
        "|    Modules     | Parameters |",
        "+----------------+------------+",
        "| conv1.0.weight |     36     |",
        "|  conv1.0.bias  |     4      |",
        "| conv2.0.weight |    288     |",
        "|  conv2.0.bias  |     8      |",
        "| conv3.0.weight |    1152    |",
        "|  conv3.0.bias  |     16     |",
        "|   fc.weight    |    1440    |",
        "|    fc.bias     |     10     |",
        "+----------------+------------+"
    ]
}