{
    "optimizer": [
        "Adam (",
        "Parameter Group 0",
        "    amsgrad: False",
        "    betas: (0.9, 0.999)",
        "    capturable: False",
        "    differentiable: False",
        "    eps: 1e-08",
        "    foreach: None",
        "    fused: None",
        "    lr: 0.001",
        "    maximize: False",
        "    weight_decay: 0",
        ")"
    ],
    "criterion": [
        "CrossEntropyLoss()"
    ],
    "model": [
        "CNN(",
        "  (conv1): Sequential(",
        "    (0): Conv2d(1, 4, kernel_size=(3, 3), stride=(1, 1), padding=same)",
        "    (1): Tanh()",
        "    (2): MaxPool2d(kernel_size=2, stride=2, padding=0, dilation=1, ceil_mode=False)",
        "  )",
        "  (drop): Dropout2d(p=0.7, inplace=False)",
        "  (conv2): Sequential(",
        "    (0): Conv2d(4, 8, kernel_size=(3, 3), stride=(1, 1), padding=same)",
        "    (1): Tanh()",
        "    (2): MaxPool2d(kernel_size=2, stride=2, padding=0, dilation=1, ceil_mode=False)",
        "  )",
        "  (conv3): Sequential(",
        "    (0): Conv2d(8, 16, kernel_size=(3, 3), stride=(1, 1), padding=same)",
        "    (1): Tanh()",
        "    (2): MaxPool2d(kernel_size=2, stride=2, padding=0, dilation=1, ceil_mode=False)",
        "  )",
        "  (fc): Linear(in_features=144, out_features=10, bias=True)",
        ")"
    ],
    "epoch_t_loss": [
        1.4023229924600515,
        1.1502301448316716,
        1.098471661620557,
        1.0728191871251633,
        1.0584851608855892,
        1.0434385988630974,
        1.0448917782128746,
        1.0312266696109447,
        1.02348469340725,
        1.0243073360625106,
        1.0196316845889792,
        1.0138820873648882,
        1.0126279263989504,
        1.005590214276873,
        1.004771793447832
    ],
    "epoch_v_loss": [
        0.7057605693294744,
        0.6047589499859294,
        0.5717043341345088,
        0.5374550418868945,
        0.5174594460778935,
        0.5043674156923962,
        0.49052924164541206,
        0.4886251386183842,
        0.4779860589914261,
        0.4704626215870973,
        0.4667042805131074,
        0.4647381343659322,
        0.46264802678755135,
        0.45482950671842903,
        0.4587892122139597
    ],
    "epoch_t_acc": [
        0.47592950426439234,
        0.5602845149253731,
        0.5825393123667377,
        0.5893023720682303,
        0.5970982142857143,
        0.6040778251599147,
        0.6006463219616205,
        0.60534381663113,
        0.6103744669509595,
        0.6093416844349681,
        0.6118070362473348,
        0.6137726545842217,
        0.6141391257995735,
        0.6162546641791045,
        0.6154550906183369
    ],
    "epoch_v_acc": [
        0.7288017515923567,
        0.7754777070063694,
        0.7813495222929936,
        0.7981687898089171,
        0.8085191082802548,
        0.8148885350318471,
        0.8157842356687898,
        0.8180732484076433,
        0.8252388535031847,
        0.8232484076433121,
        0.8259355095541401,
        0.823546974522293,
        0.8289211783439491,
        0.8311106687898089,
        0.8285230891719745
    ],
    "t_epoch": [
        17.48960280418396,
        15.45925498008728,
        15.546269178390503,
        15.98030686378479,
        16.16556668281555,
        16.275110960006714,
        16.03680181503296,
        16.110348224639893,
        15.542491436004639,
        15.42426347732544,
        15.942742347717285,
        15.9460129737854,
        16.333642959594727,
        15.487520694732666,
        15.663511991500854
    ]
}