{
    "optimizer": [
        "Adam (",
        "Parameter Group 0",
        "    amsgrad: False",
        "    betas: (0.9, 0.999)",
        "    capturable: False",
        "    differentiable: False",
        "    eps: 1e-08",
        "    foreach: None",
        "    fused: None",
        "    lr: 0.001",
        "    maximize: False",
        "    weight_decay: 0",
        ")"
    ],
    "criterion": [
        "CrossEntropyLoss()"
    ],
    "model": [
        "CNN(",
        "  (conv1): Sequential(",
        "    (0): Conv2d(1, 4, kernel_size=(3, 3), stride=(1, 1), padding=same)",
        "    (1): Tanh()",
        "    (2): MaxPool2d(kernel_size=2, stride=2, padding=0, dilation=1, ceil_mode=False)",
        "  )",
        "  (drop): Dropout2d(p=0.7, inplace=False)",
        "  (conv2): Sequential(",
        "    (0): Conv2d(4, 8, kernel_size=(3, 3), stride=(1, 1), padding=same)",
        "    (1): Tanh()",
        "    (2): MaxPool2d(kernel_size=2, stride=2, padding=0, dilation=1, ceil_mode=False)",
        "  )",
        "  (conv3): Sequential(",
        "    (0): Conv2d(8, 16, kernel_size=(3, 3), stride=(1, 1), padding=same)",
        "    (1): Tanh()",
        "    (2): MaxPool2d(kernel_size=2, stride=2, padding=0, dilation=1, ceil_mode=False)",
        "  )",
        "  (fc): Linear(in_features=144, out_features=10, bias=True)",
        ")"
    ],
    "epoch_t_loss": [
        1.4451060141962984,
        1.1725531206456328,
        1.1200398130457538,
        1.0863740024790327,
        1.0681971694106487,
        1.0505319953854404,
        1.042819932897462,
        1.0276705196290128,
        1.0222727749139262,
        1.0236213146877695,
        1.0126243091976719,
        1.0053662837568376,
        1.0057201341652413,
        1.0066404483719928,
        1.0036639436475758
    ],
    "epoch_v_loss": [
        0.7391242043227907,
        0.6352711917868086,
        0.5729590432279429,
        0.5396057769751094,
        0.5155435644896926,
        0.4990058798509039,
        0.490305563731558,
        0.4801727290366106,
        0.47238982872218843,
        0.4761313586288197,
        0.45896370585557,
        0.45991117265194087,
        0.46244455162127307,
        0.4570654204506783,
        0.44659649424112524
    ],
    "epoch_t_acc": [
        0.45542377398720685,
        0.5555537046908315,
        0.5748434168443497,
        0.5890358475479744,
        0.593816631130064,
        0.601445895522388,
        0.6024620202558635,
        0.6078424840085288,
        0.6108908582089553,
        0.6103411513859275,
        0.6142057569296375,
        0.6177205490405118,
        0.6156716417910447,
        0.6168043710021321,
        0.6168876599147122
    ],
    "epoch_v_acc": [
        0.7156648089171974,
        0.7627388535031847,
        0.7916003184713376,
        0.8061305732484076,
        0.8136942675159236,
        0.818968949044586,
        0.8222531847133758,
        0.824343152866242,
        0.8279259554140127,
        0.8259355095541401,
        0.831906847133758,
        0.8322054140127388,
        0.8296178343949044,
        0.8309116242038217,
        0.8387738853503185
    ],
    "t_epoch": [
        20.138028621673584,
        16.199209690093994,
        16.376445293426514,
        15.683581590652466,
        15.457419633865356,
        16.189096689224243,
        15.712007284164429,
        15.903101444244385,
        15.775718927383423,
        16.015656232833862,
        16.286283254623413,
        15.603848934173584,
        15.614955186843872,
        16.78121066093445,
        15.965410232543945
    ],
    "trainable_params": 2954,
    "params_table": [
        "+----------------+------------+",
        "|    Modules     | Parameters |",
        "+----------------+------------+",
        "| conv1.0.weight |     36     |",
        "|  conv1.0.bias  |     4      |",
        "| conv2.0.weight |    288     |",
        "|  conv2.0.bias  |     8      |",
        "| conv3.0.weight |    1152    |",
        "|  conv3.0.bias  |     16     |",
        "|   fc.weight    |    1440    |",
        "|    fc.bias     |     10     |",
        "+----------------+------------+"
    ]
}