{
    "optimizer": [
        "Adam (",
        "Parameter Group 0",
        "    amsgrad: False",
        "    betas: (0.9, 0.999)",
        "    capturable: False",
        "    differentiable: False",
        "    eps: 1e-08",
        "    foreach: None",
        "    fused: None",
        "    lr: 0.001",
        "    maximize: False",
        "    weight_decay: 0",
        ")"
    ],
    "criterion": [
        "CrossEntropyLoss()"
    ],
    "model": [
        "CNNVariant4(",
        "  (conv1): Sequential(",
        "    (0): Conv2d(1, 2, kernel_size=(3, 3), stride=(1, 1), padding=same)",
        "    (1): Tanh()",
        "    (2): MaxPool2d(kernel_size=2, stride=2, padding=0, dilation=1, ceil_mode=False)",
        "  )",
        "  (drop): Dropout2d(p=0.7, inplace=False)",
        "  (conv2): Sequential(",
        "    (0): Conv2d(2, 4, kernel_size=(3, 3), stride=(1, 1), padding=same)",
        "    (1): Tanh()",
        "    (2): MaxPool2d(kernel_size=2, stride=2, padding=0, dilation=1, ceil_mode=False)",
        "  )",
        "  (conv3): Sequential(",
        "    (0): Conv2d(8, 16, kernel_size=(3, 3), stride=(1, 1), padding=same)",
        "    (1): Tanh()",
        "    (2): MaxPool2d(kernel_size=2, stride=2, padding=0, dilation=1, ceil_mode=False)",
        "  )",
        "  (fc): Linear(in_features=196, out_features=10, bias=True)",
        ")"
    ],
    "epoch_t_loss": [
        1.5389311436905282,
        1.3909216176853505,
        1.3717549190338232,
        1.3505247314728654,
        1.3525745210362905,
        1.3535547001021249,
        1.3364685637229032,
        1.3402214818544733,
        1.3327388376442355,
        1.3308587943567143,
        1.3284934421719263,
        1.3300078979560308,
        1.3358868073934176,
        1.3274987820369095,
        1.317335791425156
    ],
    "epoch_v_loss": [
        0.6199042556012512,
        0.5397821028900754,
        0.5156177779671492,
        0.48697230030017297,
        0.4783023772345986,
        0.4665447027440284,
        0.4568226176082708,
        0.4572313093835381,
        0.45055755422373484,
        0.44150261780258954,
        0.4520343403527691,
        0.4395360120922137,
        0.4489324728774417,
        0.43455587953898556,
        0.4305784814297014
    ],
    "epoch_t_acc": [
        0.4209255063965885,
        0.46355277185501065,
        0.4704657515991471,
        0.4791444562899787,
        0.47651252665245203,
        0.4761460554371002,
        0.48294243070362475,
        0.48172641257995735,
        0.4853411513859275,
        0.4851412579957356,
        0.48565764925373134,
        0.48642390724946694,
        0.4840418443496802,
        0.4847414712153518,
        0.4896555170575693
    ],
    "epoch_v_acc": [
        0.7908041401273885,
        0.8124004777070064,
        0.8183718152866242,
        0.831906847133758,
        0.831906847133758,
        0.8357882165605095,
        0.8408638535031847,
        0.8388734076433121,
        0.8411624203821656,
        0.845640923566879,
        0.8423566878980892,
        0.8467356687898089,
        0.8396695859872612,
        0.84375,
        0.8467356687898089
    ],
    "t_epoch": [
        15.134474039077759,
        14.9434654712677,
        14.96219277381897,
        15.123555183410645,
        15.925844669342041,
        15.338586568832397,
        15.074556827545166,
        15.017780065536499,
        16.20597553253174,
        15.168843030929565,
        15.717796802520752,
        15.31472396850586,
        15.176687240600586,
        14.994874238967896,
        15.157031536102295
    ],
    "trainable_params": 3234,
    "params_table": [
        "+----------------+------------+",
        "|    Modules     | Parameters |",
        "+----------------+------------+",
        "| conv1.0.weight |     18     |",
        "|  conv1.0.bias  |     2      |",
        "| conv2.0.weight |     72     |",
        "|  conv2.0.bias  |     4      |",
        "| conv3.0.weight |    1152    |",
        "|  conv3.0.bias  |     16     |",
        "|   fc.weight    |    1960    |",
        "|    fc.bias     |     10     |",
        "+----------------+------------+"
    ]
}