{
    "optimizer": [
        "Adam (",
        "Parameter Group 0",
        "    amsgrad: False",
        "    betas: (0.9, 0.999)",
        "    capturable: False",
        "    differentiable: False",
        "    eps: 1e-08",
        "    foreach: None",
        "    fused: None",
        "    lr: 0.001",
        "    maximize: False",
        "    weight_decay: 0",
        ")"
    ],
    "criterion": [
        "CrossEntropyLoss()"
    ],
    "model": [
        "CNNVariant5(",
        "  (conv1): Sequential(",
        "    (0): Conv2d(1, 4, kernel_size=(5, 5), stride=(1, 1), padding=(2, 2))",
        "    (1): Tanh()",
        "    (2): MaxPool2d(kernel_size=2, stride=2, padding=0, dilation=1, ceil_mode=False)",
        "  )",
        "  (drop): Dropout2d(p=0.7, inplace=False)",
        "  (conv2): Sequential(",
        "    (0): Conv2d(4, 8, kernel_size=(5, 5), stride=(1, 1), padding=(2, 2))",
        "    (1): Tanh()",
        "    (2): MaxPool2d(kernel_size=2, stride=2, padding=0, dilation=1, ceil_mode=False)",
        "  )",
        "  (conv3): Sequential(",
        "    (0): Conv2d(8, 16, kernel_size=(5, 5), stride=(1, 1), padding=(2, 2))",
        "    (1): Tanh()",
        "    (2): MaxPool2d(kernel_size=2, stride=2, padding=0, dilation=1, ceil_mode=False)",
        "  )",
        "  (fc): Linear(in_features=144, out_features=10, bias=True)",
        ")"
    ],
    "epoch_t_loss": [
        1.3646544777254053,
        1.1416071263203489,
        1.0916597107326045,
        1.0685617432538381,
        1.0420045557179685,
        1.0361773303068522,
        1.0245922960833447,
        1.0181008699987488,
        1.0168181019487665,
        1.008363569151364,
        1.0003195635037128,
        0.9958494350727178,
        0.9928598738809639,
        0.9898141154221126,
        0.9916121793835402
    ],
    "epoch_v_loss": [
        0.6739988420039985,
        0.5866348684593371,
        0.5419608095459117,
        0.507106866236705,
        0.4902673428225669,
        0.4875423213478866,
        0.46228658365216224,
        0.46210843277205327,
        0.446632823177204,
        0.44080418310347635,
        0.43252866283343855,
        0.4271293949739189,
        0.4247329676417029,
        0.4274984388404591,
        0.4178648289221867
    ],
    "epoch_t_acc": [
        0.4858908582089552,
        0.5648154317697228,
        0.5832056236673774,
        0.5895522388059702,
        0.6013459488272921,
        0.6025453091684435,
        0.6068263592750534,
        0.6089918710021321,
        0.6103744669509595,
        0.6135894189765458,
        0.6160714285714286,
        0.6199526918976546,
        0.6193363539445629,
        0.62096881663113,
        0.6193030383795309
    ],
    "epoch_v_acc": [
        0.7466162420382165,
        0.7811504777070064,
        0.8004578025477707,
        0.8123009554140127,
        0.8173765923566879,
        0.8194665605095541,
        0.8299164012738853,
        0.8273288216560509,
        0.8373805732484076,
        0.8373805732484076,
        0.8414609872611465,
        0.8416600318471338,
        0.8445461783439491,
        0.8415605095541401,
        0.8451433121019108
    ],
    "t_epoch": [
        15.928014039993286,
        15.924131393432617,
        15.913803339004517,
        16.471494913101196,
        16.049235820770264,
        16.68779444694519,
        16.07160997390747,
        16.361454486846924,
        16.571486234664917,
        15.932471752166748,
        15.844950914382935,
        15.975583553314209,
        16.38674783706665,
        15.974319219589233,
        15.789237976074219
    ],
    "trainable_params": 5578,
    "params_table": [
        "+----------------+------------+",
        "|    Modules     | Parameters |",
        "+----------------+------------+",
        "| conv1.0.weight |    100     |",
        "|  conv1.0.bias  |     4      |",
        "| conv2.0.weight |    800     |",
        "|  conv2.0.bias  |     8      |",
        "| conv3.0.weight |    3200    |",
        "|  conv3.0.bias  |     16     |",
        "|   fc.weight    |    1440    |",
        "|    fc.bias     |     10     |",
        "+----------------+------------+"
    ]
}