{
    "optimizer": [
        "Adam (",
        "Parameter Group 0",
        "    amsgrad: False",
        "    betas: (0.9, 0.999)",
        "    capturable: False",
        "    differentiable: False",
        "    eps: 1e-08",
        "    foreach: None",
        "    fused: None",
        "    lr: 0.001",
        "    maximize: False",
        "    weight_decay: 0",
        ")"
    ],
    "criterion": [
        "CrossEntropyLoss()"
    ],
    "model": [
        "CNNVariant3(",
        "  (conv1): Sequential(",
        "    (0): Conv2d(1, 4, kernel_size=(2, 2), stride=(1, 1))",
        "    (1): Tanh()",
        "    (2): MaxPool2d(kernel_size=2, stride=2, padding=0, dilation=1, ceil_mode=False)",
        "  )",
        "  (drop): Dropout2d(p=0.7, inplace=False)",
        "  (conv2): Sequential(",
        "    (0): Conv2d(4, 8, kernel_size=(2, 2), stride=(1, 1))",
        "    (1): Tanh()",
        "    (2): MaxPool2d(kernel_size=2, stride=2, padding=0, dilation=1, ceil_mode=False)",
        "  )",
        "  (conv3): Sequential(",
        "    (0): Conv2d(8, 16, kernel_size=(2, 2), stride=(1, 1))",
        "    (1): Tanh()",
        "    (2): MaxPool2d(kernel_size=2, stride=2, padding=0, dilation=1, ceil_mode=False)",
        "  )",
        "  (fc): Linear(in_features=64, out_features=10, bias=True)",
        ")"
    ],
    "epoch_t_loss": [
        1.6230600927430174,
        1.3085247293464157,
        1.267211152800619,
        1.2368685705448264,
        1.2154901229115183,
        1.202619503428941,
        1.1888535087550882,
        1.1826717553616586,
        1.1718631668258577,
        1.1688513546101829,
        1.161947311940732,
        1.1629798494295271,
        1.159438619608564,
        1.1513000423593054,
        1.1403622270774232
    ],
    "epoch_v_loss": [
        0.9269002645638338,
        0.8234646787309343,
        0.7823907203355412,
        0.7467388723306595,
        0.7256678912290342,
        0.7093823174382471,
        0.6930545629209773,
        0.6826915985839382,
        0.6741350674705141,
        0.6673755611583685,
        0.6573387513494795,
        0.6509121550116569,
        0.6504263741195582,
        0.6421463066225599,
        0.6442839643757814
    ],
    "epoch_t_acc": [
        0.40085287846481876,
        0.5033648720682303,
        0.5171741737739872,
        0.5285347814498934,
        0.535331156716418,
        0.5401119402985075,
        0.5461920309168443,
        0.5501898987206824,
        0.5517390724946695,
        0.5536713752665245,
        0.5574193763326226,
        0.5553204957356077,
        0.5578025053304904,
        0.5602845149253731,
        0.5619836087420043
    ],
    "epoch_v_acc": [
        0.6682921974522293,
        0.6949641719745223,
        0.7054140127388535,
        0.7173566878980892,
        0.727109872611465,
        0.7345740445859873,
        0.7378582802547771,
        0.7379578025477707,
        0.7512937898089171,
        0.7516918789808917,
        0.7580613057324841,
        0.7568670382165605,
        0.7593550955414012,
        0.7616441082802548,
        0.7601512738853503
    ],
    "t_epoch": [
        18.561357021331787,
        15.955333471298218,
        16.311571836471558,
        17.86381435394287,
        16.53984761238098,
        15.515194416046143,
        16.450623512268066,
        15.765899896621704,
        15.838839292526245,
        15.81160306930542,
        16.886714220046997,
        16.08526635169983,
        16.478801250457764,
        15.733318328857422,
        16.143094062805176
    ],
    "trainable_params": 1334,
    "params_table": [
        "+----------------+------------+",
        "|    Modules     | Parameters |",
        "+----------------+------------+",
        "| conv1.0.weight |     16     |",
        "|  conv1.0.bias  |     4      |",
        "| conv2.0.weight |    128     |",
        "|  conv2.0.bias  |     8      |",
        "| conv3.0.weight |    512     |",
        "|  conv3.0.bias  |     16     |",
        "|   fc.weight    |    640     |",
        "|    fc.bias     |     10     |",
        "+----------------+------------+"
    ]
}