{
    "optimizer": [
        "Adam (",
        "Parameter Group 0",
        "    amsgrad: False",
        "    betas: (0.9, 0.999)",
        "    capturable: False",
        "    differentiable: False",
        "    eps: 1e-08",
        "    foreach: None",
        "    fused: None",
        "    lr: 0.001",
        "    maximize: False",
        "    weight_decay: 0",
        ")"
    ],
    "criterion": [
        "CrossEntropyLoss()"
    ],
    "model": [
        "CNNVariant2(",
        "  (conv1): Sequential(",
        "    (0): Conv2d(1, 8, kernel_size=(3, 3), stride=(1, 1), padding=same)",
        "    (1): Tanh()",
        "    (2): MaxPool2d(kernel_size=2, stride=2, padding=0, dilation=1, ceil_mode=False)",
        "  )",
        "  (drop): Dropout2d(p=0.7, inplace=False)",
        "  (conv2): Sequential(",
        "    (0): Conv2d(8, 16, kernel_size=(3, 3), stride=(1, 1), padding=same)",
        "    (1): Tanh()",
        "    (2): MaxPool2d(kernel_size=2, stride=2, padding=0, dilation=1, ceil_mode=False)",
        "  )",
        "  (conv3): Sequential(",
        "    (0): Conv2d(16, 32, kernel_size=(3, 3), stride=(1, 1), padding=same)",
        "    (1): Tanh()",
        "    (2): MaxPool2d(kernel_size=2, stride=2, padding=0, dilation=1, ceil_mode=False)",
        "  )",
        "  (fc): Linear(in_features=288, out_features=10, bias=True)",
        ")"
    ],
    "epoch_t_loss": [
        0.9838751208807613,
        0.7021518339480418,
        0.6440939175675927,
        0.6232683639854256,
        0.5996080699251659,
        0.5880123731582912,
        0.57614424526056,
        0.5693957225155475,
        0.5683204688624278,
        0.5644829314210014,
        0.5559775406903804,
        0.5539310876367443,
        0.5498114095599667,
        0.5494969910713655,
        0.5449722427517366
    ],
    "epoch_v_loss": [
        0.5955988937502454,
        0.5195316565074738,
        0.5089503094838683,
        0.45030834283798366,
        0.43852141195801414,
        0.42798953223380315,
        0.43251471060096836,
        0.4303265499651052,
        0.41550442576408386,
        0.40224661341138707,
        0.40435550186284785,
        0.406236985876302,
        0.40008445435268863,
        0.39944473412006526,
        0.3923685192872005
    ],
    "epoch_t_acc": [
        0.6379764125799574,
        0.7379231076759062,
        0.7612939765458422,
        0.7678071695095949,
        0.775503065031983,
        0.7808668710021321,
        0.7855143923240938,
        0.7897121535181236,
        0.7894789445628998,
        0.7906949626865671,
        0.7932769189765458,
        0.793027052238806,
        0.7952925106609808,
        0.7970748933901919,
        0.7976745735607675
    ],
    "epoch_v_acc": [
        0.7822452229299363,
        0.8102109872611465,
        0.806827229299363,
        0.8386743630573248,
        0.8435509554140127,
        0.8469347133757962,
        0.8459394904458599,
        0.8383757961783439,
        0.8512141719745223,
        0.8548964968152867,
        0.8562898089171974,
        0.8499203821656051,
        0.8525079617834395,
        0.8550955414012739,
        0.8575835987261147
    ],
    "t_epoch": [
        17.82518243789673,
        15.796062231063843,
        15.244588851928711,
        15.356200695037842,
        15.411895275115967,
        15.419950485229492,
        16.116236448287964,
        15.27483057975769,
        16.146049737930298,
        15.332121133804321,
        15.47536563873291,
        16.097697019577026,
        15.359031677246094,
        15.431635618209839,
        15.354115962982178
    ],
    "trainable_params": 8778,
    "params_table": [
        "+----------------+------------+",
        "|    Modules     | Parameters |",
        "+----------------+------------+",
        "| conv1.0.weight |     72     |",
        "|  conv1.0.bias  |     8      |",
        "| conv2.0.weight |    1152    |",
        "|  conv2.0.bias  |     16     |",
        "| conv3.0.weight |    4608    |",
        "|  conv3.0.bias  |     32     |",
        "|   fc.weight    |    2880    |",
        "|    fc.bias     |     10     |",
        "+----------------+------------+"
    ]
}