{
    "optimizer": [
        "Adam (",
        "Parameter Group 0",
        "    amsgrad: False",
        "    betas: (0.9, 0.999)",
        "    capturable: False",
        "    differentiable: False",
        "    eps: 1e-08",
        "    foreach: None",
        "    fused: None",
        "    lr: 0.001",
        "    maximize: False",
        "    weight_decay: 0",
        ")"
    ],
    "criterion": [
        "CrossEntropyLoss()"
    ],
    "model": [
        "CNNVariant1(",
        "  (conv1): Sequential(",
        "    (0): Conv2d(1, 4, kernel_size=(3, 3), stride=(1, 1), padding=same)",
        "    (1): Tanh()",
        "    (2): MaxPool2d(kernel_size=2, stride=2, padding=0, dilation=1, ceil_mode=False)",
        "  )",
        "  (drop): Dropout2d(p=0.7, inplace=False)",
        "  (conv2): Sequential(",
        "    (0): Conv2d(4, 8, kernel_size=(3, 3), stride=(1, 1), padding=same)",
        "    (1): Tanh()",
        "    (2): MaxPool2d(kernel_size=2, stride=2, padding=0, dilation=1, ceil_mode=False)",
        "  )",
        "  (conv3): Sequential(",
        "    (0): Conv2d(8, 16, kernel_size=(3, 3), stride=(1, 1), padding=same)",
        "    (1): Tanh()",
        "    (2): MaxPool2d(kernel_size=2, stride=2, padding=0, dilation=1, ceil_mode=False)",
        "  )",
        "  (fc): Linear(in_features=32, out_features=10, bias=True)",
        "  (conv4): Sequential(",
        "    (0): Conv2d(16, 32, kernel_size=(3, 3), stride=(1, 1), padding=same)",
        "    (1): Tanh()",
        "    (2): MaxPool2d(kernel_size=2, stride=2, padding=0, dilation=1, ceil_mode=False)",
        "  )",
        ")"
    ],
    "epoch_t_loss": [
        1.7701085780475185,
        1.3365944373582217,
        1.271169634325418,
        1.2450392317416064,
        1.224015983754892,
        1.207796617929361,
        1.1983696175917888,
        1.1834585842674474,
        1.1749082472659886,
        1.1683094901189621,
        1.1670238373757424,
        1.1629624697826564,
        1.151638297002707,
        1.1487068129755031,
        1.1483554733333303
    ],
    "epoch_v_loss": [
        0.8912497701918244,
        0.7503305318628907,
        0.69471365972689,
        0.6574173626626373,
        0.6522950169387137,
        0.620391402085116,
        0.6102746270454613,
        0.5978820919041421,
        0.5926094169070006,
        0.5868905128756906,
        0.580587716334185,
        0.5641939950406931,
        0.5726737770115494,
        0.5670626580145708,
        0.5504702957952099
    ],
    "epoch_t_acc": [
        0.3264092484008529,
        0.4851745735607676,
        0.5093117004264393,
        0.5188232942430704,
        0.5296175373134329,
        0.5372967750533049,
        0.5402452025586354,
        0.5465585021321961,
        0.5477245469083155,
        0.5518223614072495,
        0.5549040511727079,
        0.5542210820895522,
        0.5594016524520256,
        0.5599513592750534,
        0.5587853144989339
    ],
    "epoch_v_acc": [
        0.6527667197452229,
        0.7203423566878981,
        0.738953025477707,
        0.7499004777070064,
        0.7534832802547771,
        0.7676154458598726,
        0.7697054140127388,
        0.7761743630573248,
        0.7792595541401274,
        0.779359076433121,
        0.7826433121019108,
        0.7900079617834395,
        0.7813495222929936,
        0.7888136942675159,
        0.7959792993630573
    ],
    "t_epoch": [
        16.023707389831543,
        16.110909700393677,
        16.62778663635254,
        15.97490930557251,
        15.931903839111328,
        15.970214366912842,
        16.822593688964844,
        16.31395649909973,
        16.511317014694214,
        16.19879937171936,
        17.051552534103394,
        16.033478498458862,
        16.069019079208374,
        16.27595043182373,
        16.716176748275757
    ],
    "trainable_params": 6474,
    "params_table": [
        "+----------------+------------+",
        "|    Modules     | Parameters |",
        "+----------------+------------+",
        "| conv1.0.weight |     36     |",
        "|  conv1.0.bias  |     4      |",
        "| conv2.0.weight |    288     |",
        "|  conv2.0.bias  |     8      |",
        "| conv3.0.weight |    1152    |",
        "|  conv3.0.bias  |     16     |",
        "|   fc.weight    |    320     |",
        "|    fc.bias     |     10     |",
        "| conv4.0.weight |    4608    |",
        "|  conv4.0.bias  |     32     |",
        "+----------------+------------+"
    ]
}