{
    "optimizer": [
        "Adam (",
        "Parameter Group 0",
        "    amsgrad: False",
        "    betas: (0.9, 0.999)",
        "    capturable: False",
        "    differentiable: False",
        "    eps: 1e-08",
        "    foreach: None",
        "    fused: None",
        "    lr: 0.01",
        "    maximize: False",
        "    weight_decay: 1e-05",
        ")"
    ],
    "criterion": [
        "CrossEntropyLoss()"
    ],
    "model": [
        "NeuralNetworkWithEmbeddingsV0(",
        "  (product_embeddings): Embedding(3631, 8)",
        "  (user_embeddings): Embedding(5891, 9)",
        "  (fc): Sequential(",
        "    (0): Linear(in_features=25, out_features=64, bias=True)",
        "    (1): ReLU()",
        "    (2): Linear(in_features=64, out_features=16, bias=True)",
        "    (3): ReLU()",
        "    (4): Linear(in_features=16, out_features=4, bias=True)",
        "  )",
        ")"
    ],
    "epoch_t_loss": [
        0.010511122912757274,
        0.009855164480818404,
        0.009755379620168321,
        0.009709818380203315,
        0.009685644625257974,
        0.009667809450580251,
        0.009657663173029993,
        0.00964255066060156,
        0.009643557872613366,
        0.009629877272739727
    ],
    "epoch_v_loss": [
        0.009979009919777933,
        0.009851456694757788,
        0.009767902562240622,
        0.00972670403021082,
        0.009717683959721845,
        0.00978087950929716,
        0.009767527991211169,
        0.009740384183996984,
        0.009659684155071738,
        0.009699610127466037
    ],
    "epoch_t_acc": [
        0.723092585502944,
        0.740065917096739,
        0.7414710933640176,
        0.7432783596438509,
        0.7430152901143604,
        0.7435307352900288,
        0.7435735108232793,
        0.7433125800704513,
        0.743718947636331,
        0.7442493642486371
    ],
    "epoch_v_acc": [
        0.7356352486335155,
        0.7388590612160802,
        0.741622329143993,
        0.7430766806849995,
        0.7443734774757305,
        0.7405800438729382,
        0.7435372253396517,
        0.7441553247445795,
        0.7440341287828289,
        0.7433190726085007
    ],
    "t_epoch": [
        19.64692449569702,
        20.226884365081787,
        19.624192714691162,
        21.1028151512146,
        20.298940658569336,
        19.451563358306885,
        20.202792644500732,
        19.483187675476074,
        20.017094135284424,
        20.402132511138916
    ],
    "trainable_params": 84839,
    "params_table": [
        "+---------------------------+------------+",
        "|          Modules          | Parameters |",
        "+---------------------------+------------+",
        "| product_embeddings.weight |   29048    |",
        "|   user_embeddings.weight  |   53019    |",
        "|        fc.0.weight        |    1600    |",
        "|         fc.0.bias         |     64     |",
        "|        fc.2.weight        |    1024    |",
        "|         fc.2.bias         |     16     |",
        "|        fc.4.weight        |     64     |",
        "|         fc.4.bias         |     4      |",
        "+---------------------------+------------+"
    ],
    "classification_report": [
        "              precision    recall  f1-score   support",
        "",
        "           0       0.80      0.54      0.65     14312",
        "           1       0.82      0.86      0.84     39748",
        "           2       0.52      0.39      0.44     11932",
        "           3       0.67      0.89      0.76     16519",
        "",
        "    accuracy                           0.74     82511",
        "   macro avg       0.70      0.67      0.67     82511",
        "weighted avg       0.74      0.74      0.73     82511",
        ""
    ]
}