{
    "optimizer": [
        "Adam (",
        "Parameter Group 0",
        "    amsgrad: False",
        "    betas: (0.9, 0.999)",
        "    capturable: False",
        "    differentiable: False",
        "    eps: 1e-08",
        "    foreach: None",
        "    fused: None",
        "    lr: 0.01",
        "    maximize: False",
        "    weight_decay: 1e-05",
        ")"
    ],
    "criterion": [
        "CrossEntropyLoss()"
    ],
    "model": [
        "NeuralNetworkWithEmbeddingsV1(",
        "  (product_embeddings): Embedding(3631, 8)",
        "  (user_embeddings): Embedding(5891, 9)",
        "  (fc): Sequential(",
        "    (0): Linear(in_features=25, out_features=64, bias=True)",
        "    (1): ReLU()",
        "    (2): Dropout(p=0.3, inplace=False)",
        "    (3): Linear(in_features=64, out_features=16, bias=True)",
        "    (4): ReLU()",
        "    (5): Dropout(p=0.3, inplace=False)",
        "    (6): Linear(in_features=16, out_features=4, bias=True)",
        "  )",
        ")"
    ],
    "epoch_t_loss": [
        0.011544017736821573,
        0.010733854623368826,
        0.010629761394999463,
        0.010553381124764758,
        0.01051697438248973,
        0.010518599343637384,
        0.010515934695707106,
        0.010480767334457042,
        0.010515253306195987,
        0.010502672152830413
    ],
    "epoch_v_loss": [
        0.010275805606977387,
        0.010300621688506801,
        0.010401923003775028,
        0.010146759110824754,
        0.010060161820623763,
        0.010157996376433024,
        0.010031588472458174,
        0.010202398795553104,
        0.010070245788620128,
        0.010018180703034979
    ],
    "epoch_t_acc": [
        0.70162996169451,
        0.7225129770273999,
        0.725053843702479,
        0.7267370609358859,
        0.7273829714879683,
        0.7270300733386518,
        0.7276075430375334,
        0.7279754126234876,
        0.727312391858105,
        0.7275348246310076
    ],
    "epoch_v_acc": [
        0.7276120759656288,
        0.720655427761147,
        0.7178436814485342,
        0.732035728569524,
        0.7332598077832047,
        0.7334779605143557,
        0.7369078062318963,
        0.7281816969858564,
        0.7336961132455067,
        0.733126492225279
    ],
    "t_epoch": [
        23.869723796844482,
        21.817044258117676,
        21.313196897506714,
        20.501704454421997,
        21.094457387924194,
        21.341288089752197,
        21.023771047592163,
        21.170488357543945,
        21.29562211036682,
        21.117804288864136
    ],
    "trainable_params": 84839,
    "params_table": [
        "+---------------------------+------------+",
        "|          Modules          | Parameters |",
        "+---------------------------+------------+",
        "| product_embeddings.weight |   29048    |",
        "|   user_embeddings.weight  |   53019    |",
        "|        fc.0.weight        |    1600    |",
        "|         fc.0.bias         |     64     |",
        "|        fc.3.weight        |    1024    |",
        "|         fc.3.bias         |     16     |",
        "|        fc.6.weight        |     64     |",
        "|         fc.6.bias         |     4      |",
        "+---------------------------+------------+"
    ],
    "classification_report": [
        "              precision    recall  f1-score   support",
        "",
        "           0       0.87      0.48      0.62     14312",
        "           1       0.79      0.89      0.84     39748",
        "           2       0.58      0.23      0.33     11932",
        "           3       0.62      0.95      0.75     16519",
        "",
        "    accuracy                           0.73     82511",
        "   macro avg       0.71      0.64      0.63     82511",
        "weighted avg       0.74      0.73      0.71     82511",
        ""
    ]
}