{
    "optimizer": [
        "Adam (",
        "Parameter Group 0",
        "    amsgrad: False",
        "    betas: (0.9, 0.999)",
        "    capturable: False",
        "    differentiable: False",
        "    eps: 1e-08",
        "    foreach: None",
        "    fused: None",
        "    lr: 0.01",
        "    maximize: False",
        "    weight_decay: 1e-05",
        ")"
    ],
    "criterion": [
        "CrossEntropyLoss()"
    ],
    "model": [
        "NeuralNetworkWithEmbeddings(",
        "  (product_embeddings): Embedding(3631, 8)",
        "  (user_embeddings): Embedding(5891, 9)",
        "  (fc): Sequential(",
        "    (0): Linear(in_features=25, out_features=256, bias=True)",
        "    (1): BatchNorm1d(256, eps=1e-05, momentum=0.1, affine=True, track_running_stats=True)",
        "    (2): Linear(in_features=256, out_features=64, bias=True)",
        "    (3): ReLU()",
        "    (4): BatchNorm1d(64, eps=1e-05, momentum=0.1, affine=True, track_running_stats=True)",
        "    (5): ReLU()",
        "    (6): Linear(in_features=64, out_features=16, bias=True)",
        "    (7): BatchNorm1d(16, eps=1e-05, momentum=0.1, affine=True, track_running_stats=True)",
        "    (8): ReLU()",
        "    (9): Linear(in_features=16, out_features=4, bias=True)",
        "  )",
        ")"
    ],
    "epoch_t_loss": [
        0.0108311234753285,
        0.009934515707071483,
        0.009795523538753714,
        0.009748944317944947,
        0.009720166901106454,
        0.009708240101905219,
        0.009700498374219588,
        0.00968410939360447,
        0.009664255724497806,
        0.009656008651009008
    ],
    "epoch_v_loss": [
        0.009784058837490945,
        0.0096299999930717,
        0.009563694277090671,
        0.009523847403601838,
        0.009530128105701745,
        0.009527452457741574,
        0.009549434689526771,
        0.009614610302569777,
        0.00955129847225056,
        0.00955747616344358
    ],
    "epoch_t_acc": [
        0.7169714066947988,
        0.7380511894806409,
        0.7409150114317613,
        0.7421833059926384,
        0.7420956161494748,
        0.743237722887263,
        0.7429896247944101,
        0.7430388166576481,
        0.7433189964004389,
        0.743727502742981
    ],
    "epoch_v_acc": [
        0.7420707542024699,
        0.7443007598986802,
        0.7461792973058138,
        0.7469791906533674,
        0.7478396819817964,
        0.7464216892293148,
        0.7469913102495425,
        0.7452703275926846,
        0.7477912035970962,
        0.7449430984959581
    ],
    "t_epoch": [
        25.561964511871338,
        25.07339644432068,
        25.422404050827026,
        25.188145399093628,
        24.92316484451294,
        24.84793734550476,
        24.982957124710083,
        24.85206961631775,
        24.991413116455078,
        24.997771501541138
    ],
    "trainable_params": 106951,
    "params_table": [
        "+---------------------------+------------+",
        "|          Modules          | Parameters |",
        "+---------------------------+------------+",
        "| product_embeddings.weight |   29048    |",
        "|   user_embeddings.weight  |   53019    |",
        "|        fc.0.weight        |    6400    |",
        "|         fc.0.bias         |    256     |",
        "|        fc.1.weight        |    256     |",
        "|         fc.1.bias         |    256     |",
        "|        fc.2.weight        |   16384    |",
        "|         fc.2.bias         |     64     |",
        "|        fc.4.weight        |     64     |",
        "|         fc.4.bias         |     64     |",
        "|        fc.6.weight        |    1024    |",
        "|         fc.6.bias         |     16     |",
        "|        fc.7.weight        |     16     |",
        "|         fc.7.bias         |     16     |",
        "|        fc.9.weight        |     64     |",
        "|         fc.9.bias         |     4      |",
        "+---------------------------+------------+"
    ],
    "classification_report": [
        "              precision    recall  f1-score   support",
        "",
        "           0       0.81      0.54      0.65     14179",
        "           1       0.83      0.86      0.84     40028",
        "           2       0.50      0.39      0.44     11640",
        "           3       0.67      0.90      0.77     16664",
        "",
        "    accuracy                           0.74     82511",
        "   macro avg       0.70      0.67      0.67     82511",
        "weighted avg       0.74      0.74      0.74     82511",
        ""
    ]
}