{
    "optimizer": [
        "Adam (",
        "Parameter Group 0",
        "    amsgrad: False",
        "    betas: (0.9, 0.999)",
        "    capturable: False",
        "    differentiable: False",
        "    eps: 1e-08",
        "    foreach: None",
        "    fused: None",
        "    lr: 0.01",
        "    maximize: False",
        "    weight_decay: 1e-05",
        ")"
    ],
    "criterion": [
        "CrossEntropyLoss()"
    ],
    "model": [
        "NeuralNetworkWithEmbeddingsV2(",
        "  (product_embeddings): Embedding(3631, 8)",
        "  (user_embeddings): Embedding(5891, 9)",
        "  (fc): Sequential(",
        "    (0): Linear(in_features=25, out_features=256, bias=True)",
        "    (1): BatchNorm1d(256, eps=1e-05, momentum=0.1, affine=True, track_running_stats=True)",
        "    (2): Linear(in_features=256, out_features=64, bias=True)",
        "    (3): ReLU()",
        "    (4): BatchNorm1d(64, eps=1e-05, momentum=0.1, affine=True, track_running_stats=True)",
        "    (5): ReLU()",
        "    (6): Linear(in_features=64, out_features=16, bias=True)",
        "    (7): BatchNorm1d(16, eps=1e-05, momentum=0.1, affine=True, track_running_stats=True)",
        "    (8): ReLU()",
        "    (9): Linear(in_features=16, out_features=4, bias=True)",
        "  )",
        ")"
    ],
    "epoch_t_loss": [
        0.010793012730930576,
        0.009937703200061246,
        0.009797974808309916,
        0.009739295656322273,
        0.009705697268657902,
        0.009683054582536993,
        0.009670629911171317,
        0.009662345285023844,
        0.009660660184576002,
        0.009657645739235181
    ],
    "epoch_v_loss": [
        0.010005923778729246,
        0.00979190478222485,
        0.009714668183289678,
        0.00967779320753162,
        0.009630810602804298,
        0.009646086160210617,
        0.009653429930159633,
        0.009632518133820255,
        0.009646983514202127,
        0.009605881324389236
    ],
    "epoch_t_acc": [
        0.7176451213434939,
        0.7365647397001863,
        0.7403845948194552,
        0.7422731346124644,
        0.7428035512247705,
        0.7428634369713212,
        0.7436120088032048,
        0.7438686620027077,
        0.7436013149198921,
        0.7433938535836272
    ],
    "epoch_v_acc": [
        0.7357564445952661,
        0.743828095647853,
        0.7418526014713189,
        0.7436947800899274,
        0.7441432051484045,
        0.7474760940965447,
        0.7454884803238356,
        0.7448461417265577,
        0.742494940068597,
        0.7454763607276605
    ],
    "t_epoch": [
        26.633572816848755,
        25.702909469604492,
        25.525027751922607,
        25.757878303527832,
        25.596861600875854,
        25.603877544403076,
        25.63437056541443,
        25.70529866218567,
        25.811726808547974,
        25.77756690979004
    ],
    "trainable_params": 106951,
    "params_table": [
        "+---------------------------+------------+",
        "|          Modules          | Parameters |",
        "+---------------------------+------------+",
        "| product_embeddings.weight |   29048    |",
        "|   user_embeddings.weight  |   53019    |",
        "|        fc.0.weight        |    6400    |",
        "|         fc.0.bias         |    256     |",
        "|        fc.1.weight        |    256     |",
        "|         fc.1.bias         |    256     |",
        "|        fc.2.weight        |   16384    |",
        "|         fc.2.bias         |     64     |",
        "|        fc.4.weight        |     64     |",
        "|         fc.4.bias         |     64     |",
        "|        fc.6.weight        |    1024    |",
        "|         fc.6.bias         |     16     |",
        "|        fc.7.weight        |     16     |",
        "|         fc.7.bias         |     16     |",
        "|        fc.9.weight        |     64     |",
        "|         fc.9.bias         |     4      |",
        "+---------------------------+------------+"
    ],
    "classification_report": [
        "              precision    recall  f1-score   support",
        "",
        "           0       0.82      0.52      0.63     14312",
        "           1       0.82      0.87      0.84     39748",
        "           2       0.49      0.49      0.49     11932",
        "           3       0.71      0.83      0.77     16519",
        "",
        "    accuracy                           0.75     82511",
        "   macro avg       0.71      0.68      0.68     82511",
        "weighted avg       0.75      0.75      0.74     82511",
        ""
    ]
}