{
    "optimizer": [
        "Adam (",
        "Parameter Group 0",
        "    amsgrad: False",
        "    betas: (0.9, 0.999)",
        "    capturable: False",
        "    differentiable: False",
        "    eps: 1e-08",
        "    foreach: None",
        "    fused: None",
        "    lr: 0.01",
        "    maximize: False",
        "    weight_decay: 0",
        ")"
    ],
    "criterion": [
        "CrossEntropyLoss()"
    ],
    "model": [
        "NeuralNetworkV2(",
        "  (fc): Sequential(",
        "    (0): Linear(in_features=11, out_features=16, bias=True)",
        "    (1): ReLU()",
        "    (2): Linear(in_features=16, out_features=4, bias=True)",
        "  )",
        ")"
    ],
    "epoch_t_loss": [
        0.01508323604389799,
        0.014467385045141168,
        0.014080940429109115,
        0.013802718470794648,
        0.013621492671492003,
        0.013521080011244658,
        0.01346732889887012,
        0.013433528000744474,
        0.0134137056065988,
        0.013395141828860984
    ],
    "epoch_v_loss": [
        0.014777001053741943,
        0.014269747926427462,
        0.01392173231258098,
        0.013694100230958422,
        0.013399424719485844,
        0.013479723896753368,
        0.013416675367256582,
        0.013267024081294295,
        0.013393727330516378,
        0.013342747859008332
    ],
    "epoch_t_acc": [
        0.6184102200510587,
        0.6395972439728137,
        0.6546889081073219,
        0.6649318135188691,
        0.6695805966544344,
        0.6730347204367259,
        0.6747072435313092,
        0.6754967575386901,
        0.6757045243827376,
        0.6763589899414877
    ],
    "epoch_v_acc": [
        0.630059204586083,
        0.6620005938638113,
        0.6592433690257603,
        0.6651032292859697,
        0.6772410784082026,
        0.6666848461710934,
        0.6748716829979214,
        0.6768350694760061,
        0.6825010150223305,
        0.6775683094878834
    ],
    "t_epoch": [
        12.790168046951294,
        12.689549207687378,
        12.729617595672607,
        12.719704866409302,
        12.812505960464478,
        12.799633502960205,
        12.767462015151978,
        12.826882600784302,
        12.850021600723267,
        12.726554870605469
    ],
    "trainable_params": 260,
    "params_table": [
        "+-------------+------------+",
        "|   Modules   | Parameters |",
        "+-------------+------------+",
        "| fc.0.weight |    176     |",
        "|  fc.0.bias  |     16     |",
        "| fc.2.weight |     64     |",
        "|  fc.2.bias  |     4      |",
        "+-------------+------------+"
    ],
    "classification_report": [
        "              precision    recall  f1-score   support",
        "",
        "           0       0.69      0.45      0.55     28477",
        "           1       0.77      0.84      0.80     79682",
        "           2       0.53      0.23      0.32     23705",
        "           3       0.54      0.81      0.65     33157",
        "",
        "    accuracy                           0.68    165021",
        "   macro avg       0.63      0.58      0.58    165021",
        "weighted avg       0.68      0.68      0.66    165021",
        ""
    ]
}