{
    "optimizer": [
        "Adam (",
        "Parameter Group 0",
        "    amsgrad: False",
        "    betas: (0.9, 0.999)",
        "    capturable: False",
        "    differentiable: False",
        "    eps: 1e-08",
        "    foreach: None",
        "    fused: None",
        "    lr: 0.01",
        "    maximize: False",
        "    weight_decay: 0",
        ")"
    ],
    "criterion": [
        "CrossEntropyLoss()"
    ],
    "model": [
        "NeuralNetworkV5(",
        "  (fc): Sequential(",
        "    (0): Linear(in_features=11, out_features=64, bias=True)",
        "    (1): BatchNorm1d(64, eps=1e-05, momentum=0.1, affine=True, track_running_stats=True)",
        "    (2): ReLU()",
        "    (3): Linear(in_features=64, out_features=16, bias=True)",
        "    (4): BatchNorm1d(16, eps=1e-05, momentum=0.1, affine=True, track_running_stats=True)",
        "    (5): ReLU()",
        "    (6): Linear(in_features=16, out_features=4, bias=True)",
        "  )",
        ")"
    ],
    "epoch_t_loss": [
        0.013870339882165544,
        0.01299512348566701,
        0.012806279127099241,
        0.012677887575202355,
        0.0125622950516948,
        0.012531002988573748,
        0.012458938585507768,
        0.0124241259713426,
        0.012385270929540386,
        0.012319045724933963
    ],
    "epoch_v_loss": [
        0.012461990114595388,
        0.01219373722935076,
        0.012244407708164002,
        0.011933881825181538,
        0.011933127013430937,
        0.01208879178195686,
        0.011892048681375616,
        0.011985292446741824,
        0.011855135941973396,
        0.011831578549136633
    ],
    "epoch_t_acc": [
        0.653379976989822,
        0.6758577524302228,
        0.6805584772768,
        0.6838801496960112,
        0.6867109729461598,
        0.6877004625409365,
        0.6885289328315765,
        0.6896404854472311,
        0.6898586406334811,
        0.6914091007071864
    ],
    "epoch_v_acc": [
        0.6879851655243878,
        0.6866944207100915,
        0.6915483483920228,
        0.695608437713988,
        0.7016925118621267,
        0.6928633325455548,
        0.6979657134546512,
        0.6959902073069488,
        0.7052011562164815,
        0.7017773495494513
    ],
    "t_epoch": [
        16.669687032699585,
        16.75579524040222,
        16.40742826461792,
        16.767605543136597,
        16.68696880340576,
        16.330237865447998,
        17.35880446434021,
        16.364072799682617,
        16.450122356414795,
        17.210286378860474
    ],
    "trainable_params": 2036,
    "params_table": [
        "+-------------+------------+",
        "|   Modules   | Parameters |",
        "+-------------+------------+",
        "| fc.0.weight |    704     |",
        "|  fc.0.bias  |     64     |",
        "| fc.1.weight |     64     |",
        "|  fc.1.bias  |     64     |",
        "| fc.3.weight |    1024    |",
        "|  fc.3.bias  |     16     |",
        "| fc.4.weight |     16     |",
        "|  fc.4.bias  |     16     |",
        "| fc.6.weight |     64     |",
        "|  fc.6.bias  |     4      |",
        "+-------------+------------+"
    ],
    "classification_report": [
        "              precision    recall  f1-score   support",
        "",
        "           0       0.78      0.45      0.57     28477",
        "           1       0.81      0.83      0.82     79682",
        "           2       0.51      0.28      0.36     23705",
        "           3       0.56      0.91      0.69     33157",
        "",
        "    accuracy                           0.70    165021",
        "   macro avg       0.66      0.62      0.61    165021",
        "weighted avg       0.71      0.70      0.69    165021",
        ""
    ]
}