{
    "optimizer": [
        "Adam (",
        "Parameter Group 0",
        "    amsgrad: False",
        "    betas: (0.9, 0.999)",
        "    capturable: False",
        "    differentiable: False",
        "    eps: 1e-08",
        "    foreach: None",
        "    fused: None",
        "    lr: 0.01",
        "    maximize: False",
        "    weight_decay: 0",
        ")"
    ],
    "criterion": [
        "CrossEntropyLoss()"
    ],
    "model": [
        "NeuralNetworkV0(",
        "  (fc): Sequential(",
        "    (0): Linear(in_features=11, out_features=200, bias=True)",
        "    (1): ReLU()",
        "    (2): Linear(in_features=200, out_features=100, bias=True)",
        "    (3): ReLU()",
        "    (4): Linear(in_features=100, out_features=4, bias=True)",
        "  )",
        ")"
    ],
    "epoch_t_loss": [
        0.012791085652264288,
        0.011710943550895204,
        0.011568880973713152,
        0.011507390884350528,
        0.011486155558870585,
        0.011491483143558995,
        0.011451150268113405,
        0.011465916194130312,
        0.011464594213257672,
        0.011474154687939372
    ],
    "epoch_v_loss": [
        0.011667528868555195,
        0.012063660854454466,
        0.011726952236773513,
        0.011534104197383935,
        0.01168976389094933,
        0.011359543343291511,
        0.011469191381561312,
        0.011382033113317314,
        0.011385743902386971,
        0.011375312947963113
    ],
    "epoch_t_acc": [
        0.6809843993070975,
        0.7047191641539864,
        0.706890327674284,
        0.707505836949775,
        0.7080434336587481,
        0.7076902300238672,
        0.7086615400197898,
        0.7084096227213821,
        0.7083057392993583,
        0.7078304726435993
    ],
    "epoch_v_acc": [
        0.7100611437332218,
        0.6927118366753322,
        0.7085764842050406,
        0.710049024063604,
        0.7098793486889547,
        0.7105156313438896,
        0.7092915447124911,
        0.7108246829191436,
        0.71067924688373,
        0.7078856630368257
    ],
    "t_epoch": [
        16.54080295562744,
        14.17630934715271,
        14.085515260696411,
        14.06201457977295,
        14.525505542755127,
        14.334071159362793,
        14.07584810256958,
        14.03211760520935,
        14.070669412612915,
        14.045858383178711
    ],
    "trainable_params": 22904,
    "params_table": [
        "+-------------+------------+",
        "|   Modules   | Parameters |",
        "+-------------+------------+",
        "| fc.0.weight |    2200    |",
        "|  fc.0.bias  |    200     |",
        "| fc.2.weight |   20000    |",
        "|  fc.2.bias  |    100     |",
        "| fc.4.weight |    400     |",
        "|  fc.4.bias  |     4      |",
        "+-------------+------------+"
    ],
    "classification_report": [
        "              precision    recall  f1-score   support",
        "",
        "           0       0.84      0.41      0.55     28477",
        "           1       0.79      0.86      0.83     79682",
        "           2       0.54      0.22      0.31     23705",
        "           3       0.57      0.94      0.71     33157",
        "",
        "    accuracy                           0.71    165021",
        "   macro avg       0.69      0.61      0.60    165021",
        "weighted avg       0.72      0.71      0.68    165021",
        ""
    ]
}