{
    "optimizer": [
        "Adam (",
        "Parameter Group 0",
        "    amsgrad: False",
        "    betas: (0.9, 0.999)",
        "    capturable: False",
        "    differentiable: False",
        "    eps: 1e-08",
        "    foreach: None",
        "    fused: None",
        "    lr: 0.01",
        "    maximize: False",
        "    weight_decay: 0",
        ")"
    ],
    "criterion": [
        "CrossEntropyLoss()"
    ],
    "model": [
        "NeuralNetworkV4(",
        "  (fc): Sequential(",
        "    (0): Linear(in_features=11, out_features=64, bias=True)",
        "    (1): ReLU()",
        "    (2): Dropout(p=0.2, inplace=False)",
        "    (3): Linear(in_features=64, out_features=16, bias=True)",
        "    (4): ReLU()",
        "    (5): Dropout(p=0.2, inplace=False)",
        "    (6): Linear(in_features=16, out_features=4, bias=True)",
        "  )",
        ")"
    ],
    "epoch_t_loss": [
        0.015307416020465528,
        0.014586545683424448,
        0.014440166824746277,
        0.0142854650149695,
        0.014262325458186153,
        0.014256975911634977,
        0.014179957748224425,
        0.01418867629241868,
        0.0141642506307536,
        0.014193149045414586
    ],
    "epoch_v_loss": [
        0.014085656842226613,
        0.013383446210324477,
        0.013257740497771153,
        0.013184115219938,
        0.013327178043727112,
        0.013224302046801228,
        0.013337124848975335,
        0.013750586771295951,
        0.013275646692971656,
        0.013695433638595907
    ],
    "epoch_t_acc": [
        0.6163870904071451,
        0.6402802774726202,
        0.6436668770305962,
        0.6469651756798521,
        0.6469236223110425,
        0.6458484288930961,
        0.6477702722005365,
        0.6471729425238997,
        0.6478144226548966,
        0.6470768503585277
    ],
    "epoch_v_acc": [
        0.6532138333909018,
        0.6712357821125796,
        0.6658667684718914,
        0.6737930324019368,
        0.6666303076578133,
        0.6615036874094812,
        0.6617400209670284,
        0.6499960611073742,
        0.6618672774980154,
        0.6473297337914569
    ],
    "t_epoch": [
        14.752062559127808,
        14.697957038879395,
        15.531703233718872,
        14.686232805252075,
        14.72731351852417,
        14.663195848464966,
        14.776784420013428,
        15.525500059127808,
        14.709263801574707,
        14.6808340549469
    ],
    "trainable_params": 1876,
    "params_table": [
        "+-------------+------------+",
        "|   Modules   | Parameters |",
        "+-------------+------------+",
        "| fc.0.weight |    704     |",
        "|  fc.0.bias  |     64     |",
        "| fc.3.weight |    1024    |",
        "|  fc.3.bias  |     16     |",
        "| fc.6.weight |     64     |",
        "|  fc.6.bias  |     4      |",
        "+-------------+------------+"
    ],
    "classification_report": [
        "              precision    recall  f1-score   support",
        "",
        "           0       0.94      0.21      0.35     28477",
        "           1       0.73      0.87      0.79     79682",
        "           2       0.46      0.21      0.29     23705",
        "           3       0.50      0.81      0.62     33157",
        "",
        "    accuracy                           0.65    165021",
        "   macro avg       0.66      0.52      0.51    165021",
        "weighted avg       0.68      0.65      0.61    165021",
        ""
    ]
}