{
    "optimizer": [
        "Adam (",
        "Parameter Group 0",
        "    amsgrad: False",
        "    betas: (0.9, 0.999)",
        "    capturable: False",
        "    differentiable: False",
        "    eps: 1e-08",
        "    foreach: None",
        "    fused: None",
        "    lr: 0.01",
        "    maximize: False",
        "    weight_decay: 0",
        ")"
    ],
    "criterion": [
        "CrossEntropyLoss()"
    ],
    "model": [
        "NeuralNetworkV1(",
        "  (fc): Sequential(",
        "    (0): Linear(in_features=11, out_features=64, bias=True)",
        "    (1): ReLU()",
        "    (2): Linear(in_features=64, out_features=16, bias=True)",
        "    (3): ReLU()",
        "    (4): Linear(in_features=16, out_features=4, bias=True)",
        "  )",
        ")"
    ],
    "epoch_t_loss": [
        0.013752885467957273,
        0.011882221510263021,
        0.011664570753437412,
        0.011640167518726777,
        0.011613860478717828,
        0.011630604462472797,
        0.011587254075937378,
        0.011536057802473352,
        0.011624692039589412,
        0.011533001125617833
    ],
    "epoch_v_loss": [
        0.012557206049607281,
        0.011522873438860751,
        0.01165611917780655,
        0.011558610951877149,
        0.011562406842116705,
        0.011474742099457912,
        0.011500543776516417,
        0.011773356623508905,
        0.011524302846886771,
        0.011448834786249903
    ],
    "epoch_t_acc": [
        0.6560887372190928,
        0.700872880453555,
        0.7054697218781084,
        0.7057060566632125,
        0.7063163717676024,
        0.7069162985297899,
        0.7074824631798196,
        0.7080304482309951,
        0.7061943087467244,
        0.7079369531511738
    ],
    "epoch_v_acc": [
        0.6877912508105029,
        0.7083704498215379,
        0.7026923846055957,
        0.7094430405827137,
        0.7057829003581363,
        0.7083765096563468,
        0.7095581774440829,
        0.7035771204876955,
        0.7080795777507105,
        0.7103580756388581
    ],
    "t_epoch": [
        14.501441955566406,
        13.925037860870361,
        13.950977087020874,
        13.835414409637451,
        13.934860944747925,
        14.104767084121704,
        14.13848876953125,
        14.549530029296875,
        14.023809671401978,
        13.997277736663818
    ],
    "trainable_params": 1876,
    "params_table": [
        "+-------------+------------+",
        "|   Modules   | Parameters |",
        "+-------------+------------+",
        "| fc.0.weight |    704     |",
        "|  fc.0.bias  |     64     |",
        "| fc.2.weight |    1024    |",
        "|  fc.2.bias  |     16     |",
        "| fc.4.weight |     64     |",
        "|  fc.4.bias  |     4      |",
        "+-------------+------------+"
    ],
    "classification_report": [
        "              precision    recall  f1-score   support",
        "",
        "           0       0.80      0.45      0.58     28477",
        "           1       0.83      0.83      0.83     79682",
        "           2       0.51      0.29      0.37     23705",
        "           3       0.57      0.95      0.71     33157",
        "",
        "    accuracy                           0.71    165021",
        "   macro avg       0.68      0.63      0.62    165021",
        "weighted avg       0.72      0.71      0.69    165021",
        ""
    ]
}