{
    "optimizer": [
        "Adam (",
        "Parameter Group 0",
        "    amsgrad: False",
        "    betas: (0.9, 0.999)",
        "    capturable: False",
        "    differentiable: False",
        "    eps: 1e-08",
        "    foreach: None",
        "    fused: None",
        "    lr: 0.01",
        "    maximize: False",
        "    weight_decay: 0",
        ")"
    ],
    "criterion": [
        "CrossEntropyLoss()"
    ],
    "model": [
        "NeuralNetworkV3(",
        "  (fc): Sequential(",
        "    (0): Linear(in_features=11, out_features=256, bias=True)",
        "    (1): ReLU()",
        "    (2): Linear(in_features=256, out_features=64, bias=True)",
        "    (3): ReLU()",
        "    (4): Linear(in_features=64, out_features=16, bias=True)",
        "    (5): ReLU()",
        "    (6): Linear(in_features=16, out_features=4, bias=True)",
        "  )",
        ")"
    ],
    "epoch_t_loss": [
        0.01273830977668915,
        0.01173098011352783,
        0.011647326952475247,
        0.01158403478038433,
        0.011527793814999503,
        0.011717867901272674,
        0.011558681881563646,
        0.01156421090063878,
        0.011641384875953299,
        0.011667803386030308
    ],
    "epoch_v_loss": [
        0.011919223914624154,
        0.01163739033694031,
        0.011431411266732886,
        0.011481054552296883,
        0.01143436674867396,
        0.011549451711478758,
        0.011605448403355772,
        0.011520559353479112,
        0.011819081240944097,
        0.011519835022373796
    ],
    "epoch_t_acc": [
        0.6816076998392404,
        0.7033634854965758,
        0.704599698218659,
        0.706633216204775,
        0.7071058857749833,
        0.7039971743709209,
        0.7082096471339863,
        0.7066020511781679,
        0.7069838227541053,
        0.7072695021646708
    ],
    "epoch_v_acc": [
        0.6815011422788615,
        0.707237260712273,
        0.7104489731609916,
        0.7104065543173294,
        0.7102186994382533,
        0.7098914683585725,
        0.7093945619042424,
        0.7090370316505172,
        0.704419437526133,
        0.7110791959811176
    ],
    "t_epoch": [
        15.854100227355957,
        15.357797384262085,
        15.62161660194397,
        15.53764533996582,
        16.26417636871338,
        15.160719156265259,
        15.192104578018188,
        15.3545241355896,
        15.921501159667969,
        15.084471225738525
    ],
    "trainable_params": 20628,
    "params_table": [
        "+-------------+------------+",
        "|   Modules   | Parameters |",
        "+-------------+------------+",
        "| fc.0.weight |    2816    |",
        "|  fc.0.bias  |    256     |",
        "| fc.2.weight |   16384    |",
        "|  fc.2.bias  |     64     |",
        "| fc.4.weight |    1024    |",
        "|  fc.4.bias  |     16     |",
        "| fc.6.weight |     64     |",
        "|  fc.6.bias  |     4      |",
        "+-------------+------------+"
    ],
    "classification_report": [
        "              precision    recall  f1-score   support",
        "",
        "           0       0.81      0.45      0.58     28477",
        "           1       0.83      0.83      0.83     79682",
        "           2       0.51      0.28      0.36     23705",
        "           3       0.57      0.96      0.71     33157",
        "",
        "    accuracy                           0.71    165021",
        "   macro avg       0.68      0.63      0.62    165021",
        "weighted avg       0.73      0.71      0.69    165021",
        ""
    ]
}