{
    "optimizer": [
        "Adam (",
        "Parameter Group 0",
        "    amsgrad: False",
        "    betas: (0.9, 0.999)",
        "    capturable: False",
        "    differentiable: False",
        "    eps: 1e-08",
        "    foreach: None",
        "    fused: None",
        "    lr: 0.001",
        "    maximize: False",
        "    weight_decay: 0",
        ")"
    ],
    "criterion": [
        "CrossEntropyLoss()"
    ],
    "model": [
        "CNNVariant2(",
        "  (conv1): Sequential(",
        "    (0): Conv2d(1, 8, kernel_size=(3, 3), stride=(1, 1), padding=same)",
        "    (1): Tanh()",
        "    (2): MaxPool2d(kernel_size=2, stride=2, padding=0, dilation=1, ceil_mode=False)",
        "  )",
        "  (drop): Dropout2d(p=0.7, inplace=False)",
        "  (conv2): Sequential(",
        "    (0): Conv2d(8, 16, kernel_size=(3, 3), stride=(1, 1), padding=same)",
        "    (1): Tanh()",
        "    (2): MaxPool2d(kernel_size=2, stride=2, padding=0, dilation=1, ceil_mode=False)",
        "  )",
        "  (conv3): Sequential(",
        "    (0): Conv2d(16, 32, kernel_size=(3, 3), stride=(1, 1), padding=same)",
        "    (1): Tanh()",
        "    (2): MaxPool2d(kernel_size=2, stride=2, padding=0, dilation=1, ceil_mode=False)",
        "  )",
        "  (fc): Linear(in_features=288, out_features=2, bias=True)",
        ")"
    ],
    "epoch_t_loss": [
        0.5736059662633048,
        0.3792513790317237,
        0.3082841609518368,
        0.2767439756911403,
        0.2562376994627733,
        0.2440000293782344,
        0.2327717729269887,
        0.23051470948960454,
        0.21900827209123028,
        0.21472057224081728,
        0.20782297540206118,
        0.20231021759799495,
        0.20128215925571635,
        0.19641350283504674,
        0.19837951543517768
    ],
    "epoch_v_loss": [
        0.3474029291207623,
        0.21795632096992176,
        0.1953535520109781,
        0.16776379581042536,
        0.1512395657812524,
        0.14510248375427762,
        0.13526407240706076,
        0.1278045056506422,
        0.12038478868639772,
        0.1275646567736177,
        0.12340346223431503,
        0.11293049154589606,
        0.1134554210362161,
        0.10883238057125431,
        0.10888214614005036
    ],
    "epoch_t_acc": [
        0.6877995207667732,
        0.8302715654952076,
        0.8643670127795527,
        0.8771964856230032,
        0.8851837060702875,
        0.8893769968051118,
        0.8954173322683706,
        0.8943690095846646,
        0.899810303514377,
        0.9011581469648562,
        0.9033047124600639,
        0.9087460063897763,
        0.9074480830670927,
        0.9088458466453674,
        0.9075479233226837
    ],
    "epoch_v_acc": [
        0.8532046178343949,
        0.9183917197452229,
        0.9233678343949044,
        0.935609076433121,
        0.9445660828025477,
        0.9460589171974523,
        0.9506369426751592,
        0.9537221337579618,
        0.9582006369426752,
        0.9540207006369427,
        0.9568073248407644,
        0.9588972929936306,
        0.9591958598726115,
        0.9617834394904459,
        0.9631767515923567
    ],
    "t_epoch": [
        10.091517925262451,
        9.632874727249146,
        10.302168846130371,
        10.786858558654785,
        10.521697521209717,
        10.692846298217773,
        10.0576012134552,
        10.458001136779785,
        10.289069414138794,
        10.295811653137207,
        11.166707277297974,
        10.279627561569214,
        9.519279956817627,
        11.108508110046387,
        10.362040042877197
    ],
    "trainable_params": 6466,
    "params_table": [
        "+----------------+------------+",
        "|    Modules     | Parameters |",
        "+----------------+------------+",
        "| conv1.0.weight |     72     |",
        "|  conv1.0.bias  |     8      |",
        "| conv2.0.weight |    1152    |",
        "|  conv2.0.bias  |     16     |",
        "| conv3.0.weight |    4608    |",
        "|  conv3.0.bias  |     32     |",
        "|   fc.weight    |    576     |",
        "|    fc.bias     |     2      |",
        "+----------------+------------+"
    ]
}