{
    "optimizer": [
        "Adam (",
        "Parameter Group 0",
        "    amsgrad: False",
        "    betas: (0.9, 0.999)",
        "    capturable: False",
        "    differentiable: False",
        "    eps: 1e-08",
        "    foreach: None",
        "    fused: None",
        "    lr: 0.001",
        "    maximize: False",
        "    weight_decay: 0",
        ")"
    ],
    "criterion": [
        "CrossEntropyLoss()"
    ],
    "model": [
        "CNNVariant2(",
        "  (conv1): Sequential(",
        "    (0): Conv2d(1, 8, kernel_size=(3, 3), stride=(1, 1), padding=same)",
        "    (1): Tanh()",
        "    (2): MaxPool2d(kernel_size=2, stride=2, padding=0, dilation=1, ceil_mode=False)",
        "  )",
        "  (drop): Dropout2d(p=0.7, inplace=False)",
        "  (conv2): Sequential(",
        "    (0): Conv2d(8, 16, kernel_size=(3, 3), stride=(1, 1), padding=same)",
        "    (1): Tanh()",
        "    (2): MaxPool2d(kernel_size=2, stride=2, padding=0, dilation=1, ceil_mode=False)",
        "  )",
        "  (conv3): Sequential(",
        "    (0): Conv2d(16, 32, kernel_size=(3, 3), stride=(1, 1), padding=same)",
        "    (1): Tanh()",
        "    (2): MaxPool2d(kernel_size=2, stride=2, padding=0, dilation=1, ceil_mode=False)",
        "  )",
        "  (fc): Linear(in_features=288, out_features=2, bias=True)",
        ")"
    ],
    "epoch_t_loss": [
        0.4726787302821589,
        0.3178744674585879,
        0.27344457767070673,
        0.25481308839572503,
        0.24066644302381876,
        0.2302135349795841,
        0.22368088102759645,
        0.2201454932697284,
        0.21791439058300785,
        0.21188534010713472,
        0.20995287537669982,
        0.2051313314051293,
        0.20006705561099342,
        0.19754430227957595,
        0.19701119433767117,
        0.19436618093008431,
        0.19025020429882378,
        0.19390813116067515,
        0.18851646941643171,
        0.1874855506582001,
        0.1847648157503087,
        0.1852917234761456,
        0.18501473651431238,
        0.1801617648273992,
        0.17965204294878073,
        0.18030828218490552,
        0.18326328428218158,
        0.1789244056795352,
        0.17895376825104126,
        0.17438302156976618
    ],
    "epoch_v_loss": [
        0.2844679931261737,
        0.20741460099816322,
        0.1768577544101674,
        0.16546342663087282,
        0.1581239652505536,
        0.15015026631581177,
        0.14424695285737135,
        0.13914182364560995,
        0.13485014059574932,
        0.13118928693424745,
        0.12783217351219267,
        0.13039365747445233,
        0.12462950483628898,
        0.11864765993301656,
        0.1185892370357445,
        0.11380760117202618,
        0.11413272246599766,
        0.11568046346081386,
        0.10882809306168632,
        0.1079772716583862,
        0.10964276967125286,
        0.10882214952266188,
        0.11376843980371146,
        0.11164513889367983,
        0.10165314099775141,
        0.11261114065096399,
        0.10477251489795032,
        0.10945902603298757,
        0.10187485446904306,
        0.10224866953227597
    ],
    "epoch_t_acc": [
        0.7718650159744409,
        0.8605730830670927,
        0.8773462460063898,
        0.8844848242811502,
        0.8903753993610224,
        0.8957168530351438,
        0.8991613418530351,
        0.8987120607028753,
        0.9002595846645367,
        0.9047523961661342,
        0.9047523961661342,
        0.9080970447284346,
        0.9083466453674122,
        0.9088458466453674,
        0.9101437699680511,
        0.910992412140575,
        0.9104932108626198,
        0.9130890575079872,
        0.9129392971246006,
        0.9141373801916933,
        0.9170826677316294,
        0.9148362619808307,
        0.9150858626198083,
        0.9180810702875399,
        0.9197284345047924,
        0.9161341853035144,
        0.9170327476038339,
        0.9174820287539937,
        0.9185802715654952,
        0.9172823482428115
    ],
    "epoch_v_acc": [
        0.8907245222929936,
        0.9201831210191083,
        0.935609076433121,
        0.9389928343949044,
        0.9427746815286624,
        0.9450636942675159,
        0.9463574840764332,
        0.9477507961783439,
        0.9521297770700637,
        0.9522292993630573,
        0.9549164012738853,
        0.9515326433121019,
        0.9567078025477707,
        0.9566082802547771,
        0.9576035031847133,
        0.9602906050955414,
        0.960390127388535,
        0.9586982484076433,
        0.962281050955414,
        0.9632762738853503,
        0.9610867834394905,
        0.9627786624203821,
        0.9588972929936306,
        0.9612858280254777,
        0.9645700636942676,
        0.9589968152866242,
        0.9626791401273885,
        0.9610867834394905,
        0.9647691082802548,
        0.9658638535031847
    ],
    "t_epoch": [
        9.801857948303223,
        9.712927341461182,
        9.885123014450073,
        9.143588781356812,
        9.809284925460815,
        9.769178628921509,
        9.954257488250732,
        9.04288625717163,
        9.745293617248535,
        9.89307165145874,
        9.770710706710815,
        9.310863494873047,
        9.805213689804077,
        9.92290711402893,
        9.79673457145691,
        9.266016244888306,
        9.610327243804932,
        9.847480535507202,
        9.850443601608276,
        9.612526178359985,
        9.503040313720703,
        9.904896974563599,
        9.888712644577026,
        9.96945309638977,
        9.325029373168945,
        10.23737382888794,
        10.114055871963501,
        10.366698741912842,
        9.90395212173462,
        10.437431335449219
    ],
    "trainable_params": 6466,
    "params_table": [
        "+----------------+------------+",
        "|    Modules     | Parameters |",
        "+----------------+------------+",
        "| conv1.0.weight |     72     |",
        "|  conv1.0.bias  |     8      |",
        "| conv2.0.weight |    1152    |",
        "|  conv2.0.bias  |     16     |",
        "| conv3.0.weight |    4608    |",
        "|  conv3.0.bias  |     32     |",
        "|   fc.weight    |    576     |",
        "|    fc.bias     |     2      |",
        "+----------------+------------+"
    ]
}