{
    "optimizer": [
        "Adam (",
        "Parameter Group 0",
        "    amsgrad: False",
        "    betas: (0.9, 0.999)",
        "    capturable: False",
        "    differentiable: False",
        "    eps: 1e-08",
        "    foreach: None",
        "    fused: None",
        "    lr: 0.001",
        "    maximize: False",
        "    weight_decay: 0",
        ")"
    ],
    "criterion": [
        "CrossEntropyLoss()"
    ],
    "model": [
        "CNNVariant2(",
        "  (conv1): Sequential(",
        "    (0): Conv2d(1, 8, kernel_size=(3, 3), stride=(1, 1), padding=same)",
        "    (1): Tanh()",
        "    (2): MaxPool2d(kernel_size=2, stride=2, padding=0, dilation=1, ceil_mode=False)",
        "  )",
        "  (drop): Dropout2d(p=0.7, inplace=False)",
        "  (conv2): Sequential(",
        "    (0): Conv2d(8, 16, kernel_size=(3, 3), stride=(1, 1), padding=same)",
        "    (1): Tanh()",
        "    (2): MaxPool2d(kernel_size=2, stride=2, padding=0, dilation=1, ceil_mode=False)",
        "  )",
        "  (conv3): Sequential(",
        "    (0): Conv2d(16, 32, kernel_size=(3, 3), stride=(1, 1), padding=same)",
        "    (1): Tanh()",
        "    (2): MaxPool2d(kernel_size=2, stride=2, padding=0, dilation=1, ceil_mode=False)",
        "  )",
        "  (fc): Linear(in_features=288, out_features=2, bias=True)",
        ")"
    ],
    "epoch_t_loss": [
        0.47452059883279163,
        0.3229487917293756,
        0.28257107815613003,
        0.25975612286752026,
        0.24093456361621332,
        0.23244523359373354,
        0.22490415879236625,
        0.2202110192931879,
        0.20935498949247427,
        0.20656145366426473,
        0.20367778161653696,
        0.1999134126419838,
        0.19805112439460648,
        0.19525268871468096,
        0.1965247175802057
    ],
    "epoch_v_loss": [
        0.30196376505551065,
        0.2189488774224831,
        0.1896305396844437,
        0.1616985377303924,
        0.15090673138049376,
        0.14150956262994535,
        0.1419729711636189,
        0.1340254279933158,
        0.12625933348669843,
        0.12235464532948603,
        0.12051829803663834,
        0.11971319463270105,
        0.11852196159114124,
        0.11500631156970693,
        0.11145950281239192
    ],
    "epoch_t_acc": [
        0.7733126996805112,
        0.8577276357827476,
        0.8751497603833865,
        0.8859824281150159,
        0.8928214856230032,
        0.8942691693290735,
        0.8994608626198083,
        0.8993111022364217,
        0.9049520766773163,
        0.90625,
        0.9079472843450479,
        0.9093450479233227,
        0.9091952875399361,
        0.9097444089456869,
        0.9092452076677316
    ],
    "epoch_v_acc": [
        0.8802746815286624,
        0.9142117834394905,
        0.9261544585987261,
        0.9379976114649682,
        0.943968949044586,
        0.9464570063694268,
        0.9460589171974523,
        0.9497412420382165,
        0.9536226114649682,
        0.9548168789808917,
        0.955812101910828,
        0.9556130573248408,
        0.9563097133757962,
        0.955812101910828,
        0.9590963375796179
    ],
    "t_epoch": [
        10.527040004730225,
        10.038875102996826,
        9.236670017242432,
        9.797472476959229,
        11.208714723587036,
        9.929871320724487,
        9.658617734909058,
        9.519996643066406,
        9.946312427520752,
        9.908399820327759,
        10.379106283187866,
        9.288787603378296,
        10.068132400512695,
        10.10025954246521,
        10.052551031112671
    ],
    "trainable_params": 6466,
    "params_table": [
        "+----------------+------------+",
        "|    Modules     | Parameters |",
        "+----------------+------------+",
        "| conv1.0.weight |     72     |",
        "|  conv1.0.bias  |     8      |",
        "| conv2.0.weight |    1152    |",
        "|  conv2.0.bias  |     16     |",
        "| conv3.0.weight |    4608    |",
        "|  conv3.0.bias  |     32     |",
        "|   fc.weight    |    576     |",
        "|    fc.bias     |     2      |",
        "+----------------+------------+"
    ]
}